TransactionID,SaleDate,CustomerID,ProductID,StoreID,CampaignID,SaleAmount,TotalOrders,CreditCard
1,05-04-25,1034,2059,402,0,2048.2,1,Discover
2,05-04-25,1066,2048,403,1,321.87,2,Mastercard
3,05-04-25,1116,2041,403,3,3216.84,44,Visa
4,05-04-25,1071,2096,404,2,1613.23,22,Discover
5,05-04-25,1020,2060,401,0,408.38,34,Discover
6,05-04-25,1089,2028,401,0,1275.88,103,Discover
7,05-04-25,1193,2003,402,1,346.66,76,Discover
8,05-04-25,1005,2079,402,1,855.49,45,Mastercard
9,05-04-25,1032,2060,401,1,735.08,69,Visa
10,05-04-25,1119,2089,403,2,661.63,701,Mastercard
11,05-04-25,1042,2077,401,,505.65,73,Visa
12,05-04-25,1079,2013,401,2,0,65,Mastercard
13,05-04-25,1147,2086,404,3,4470.5,66,Visa
14,05-04-25,1183,2025,401,1,503.32,79,Discover
15,05-04-25,1026,2089,403,0,413.52,110,Discover
16,05-04-25,1144,2005,403,3,1715.12,242,Mastercard
17,05-04-25,1169,2047,401,2,535.97,122,Visa
18,05-04-25,1003,2053,404,0,3660.9,1,Discover
19,05-04-25,1110,2046,404,1,30.09,2,Mastercard
20,05-04-25,1111,2022,403,3,671.18,44,Visa
21,05-04-25,1119,2055,403,2,?,22,Discover
22,05-04-25,1062,2011,403,3,1229.22,34,Discover
23,05-04-25,1062,2096,404,3,672.18,103,Discover
24,05-04-25,1086,2003,404,2,924.43,76,Discover
25,05-04-25,1046,2062,402,2,1981.95,45,Mastercard
26,05-04-25,1066,2043,403,2,698.76,69,Visa
27,05-04-25,1142,2001,402,0,1237.05,701,Mastercard
28,05-04-25,1061,2092,404,3,482.21,73,Visa
29,05-04-25,1142,2097,402,3,4210.5,65,Mastercard
30,05-04-25,1165,2091,404,3,4528.95,66,Visa
31,01-01-24,1004,2011,403,1,737.53,79,Discover
32,05-04-25,1103,2088,402,2,0,110,Discover
33,05-04-25,1169,2074,403,3,0,242,Mastercard
34,05-04-25,1141,2067,403,3,872.85,122,Visa
35,05-04-25,1190,2070,403,2,54.69,1,Discover
36,05-04-25,1179,2058,403,2,1066.8,2,Mastercard
37,05-04-25,1064,2029,401,1,12.16,44,Visa
38,05-04-25,1080,2015,402,1,3037.36,22,Discover
39,05-04-25,1055,2094,404,2,1578.72,34,Discover
40,05-04-25,1185,2075,403,0,0,103,Discover
41,05-04-25,9999,2037,402,2,288.11,76,Discover
42,05-04-25,1045,2038,401,1,1667.72,45,Mastercard
43,05-04-25,1070,2005,401,2,686.05,69,Visa
44,05-04-25,1178,2016,404,0,0,701,Mastercard
45,05-04-25,1003,2073,403,3,1498.29,73,Visa
46,05-04-25,1122,2056,403,1,944.5,65,Mastercard
47,05-04-25,1013,2032,404,0,2836.8,66,Visa
48,05-04-25,1016,2051,404,0,117.32,79,Discover
49,05-04-25,1147,2080,401,1,0,110,Discover
50,05-04-25,1038,2072,403,0,840.6,242,Mastercard
51,05-04-25,1063,2015,404,1,1214.95,122,Visa
52,05-04-25,1198,2066,404,3,516.06,1,Discover
53,05-04-25,1113,2038,404,2,2223.62,2,Mastercard
54,05-04-25,1145,2079,401,0,1901.08,44,Visa
55,05-04-25,1195,2026,402,2,507.74,22,Discover
56,05-04-25,1169,2010,402,1,140.11,34,Discover
57,05-04-25,1044,2070,401,1,0,103,Discover
58,05-04-25,1000,2052,404,3,2193.78,76,Discover
59,05-04-25,1074,2004,402,2,741.8,,
60,05-04-25,1180,2036,404,0,217.98,,
61,05-04-25,1175,2029,403,1,36.48,,
62,05-04-25,1108,2014,402,1,221.67,,
63,05-04-25,1068,2018,401,0,2169.04,,
64,05-04-25,1042,2039,403,3,2929.32,,
65,05-04-25,1031,2059,403,3,0,,Discover
66,05-04-25,1069,2064,404,3,1470.2,,Discover
67,05-04-25,1020,2076,401,3,4836.42,,Mastercard
68,05-04-25,1188,2041,403,0,1608.42,,Visa
69,05-04-25,1023,2029,401,2,0,,Discover
70,05-04-25,1147,2005,402,3,0,122,
71,05-04-25,1132,2083,404,2,614.53,1,
72,05-04-25,1046,2074,404,3,659.5,2,
73,05-04-25,1023,2060,403,3,1225.14,44,
74,05-04-25,1085,2041,401,1,1447.58,22,
75,05-04-25,1084,2052,404,2,2925.04,34,Discover
76,05-04-25,1169,2051,401,3,117.32,103,Mastercard
77,05-04-25,1022,2040,403,2,55.26,76,Visa
78,05-04-25,1029,2098,404,0,3631.44,45,Mastercard
79,05-04-25,1168,2069,404,3,232.39,69,Visa
80,05-04-25,1013,2024,403,3,372.81,701,Mastercard
81,05-04-25,1160,2056,401,1,472.25,76,Visa
82,05-04-25,1068,2070,402,2,109.38,45,Discover
83,05-04-25,1112,2089,404,0,2067.6,69,Discover
84,05-04-25,1007,2080,402,1,1498.07,701,Mastercard
85,05-04-25,1079,2070,401,3,34.18,65,Visa
86,05-04-25,1023,2028,401,3,2551.76,66,Discover
87,05-04-25,1030,2082,402,3,799.8,79,Mastercard
88,05-04-25,1183,2037,403,3,2160.84,110,Visa
89,05-04-25,1123,2060,402,3,2450.28,242,Discover
90,05-04-25,1141,2018,404,1,2440.17,122,Discover
91,05-04-25,1153,2065,402,0,470.34,1,Discover
92,05-04-25,1070,2098,404,2,0,2,Discover
93,05-04-25,1129,2034,401,2,108.94,44,Mastercard
94,05-04-25,1185,2038,404,1,1667.72,22,Visa
95,05-04-25,1114,2068,404,2,656.19,34,Mastercard
96,05-04-25,1085,2070,404,3,0,103,Visa
97,05-04-25,1082,2024,402,3,372.81,76,Mastercard
98,05-04-25,1059,2099,404,0,1292.64,45,Visa
99,05-04-25,1081,2095,404,3,490.79,69,Discover
100,05-04-25,1098,2084,402,3,0,701,Discover
101,05-04-25,1009,2016,403,0,969.06,65,Mastercard
102,05-04-25,1112,2012,404,0,1869.57,66,Visa
103,05-04-25,1184,2018,404,1,488.03,79,Discover
104,05-04-25,1019,2060,403,2,0,110,Mastercard
105,05-04-25,1159,2088,404,0,0,242,Visa
106,05-04-25,1084,2086,404,2,2861.12,122,Discover
107,05-04-25,1160,2091,404,0,905.79,1,Discover
108,05-04-25,1158,2008,402,2,159.82,2,Discover
109,05-04-25,1058,2095,401,3,2453.95,44,Discover
110,05-04-25,1025,2097,401,3,842.1,22,Mastercard
111,05-04-25,1042,2088,403,0,709.35,34,Visa
112,05-04-25,1011,2041,401,2,0,103,Mastercard
113,05-04-25,1091,2047,404,1,0,76,Visa
114,05-04-25,1062,2067,404,1,0,45,Mastercard
115,05-04-25,1043,2022,401,3,2684.72,69,Visa
116,05-04-25,1158,2087,402,3,477.96,701,Discover
117,05-04-25,1149,2018,402,3,1626.78,34,Discover
118,05-04-25,1163,2032,404,2,756.48,103,Mastercard
119,05-04-25,1170,2001,404,2,659.76,76,Visa
120,05-04-25,1173,2069,402,0,464.78,45,Discover
121,05-04-25,1113,2044,403,3,0,69,Mastercard
122,05-04-25,1176,2032,404,2,756.48,701,Visa
123,05-04-25,1050,2049,404,0,2819.52,73,Discover
124,05-04-25,1060,2048,403,2,1144.42,65,Discover
125,05-04-25,1179,2037,401,3,1440.56,66,Discover
126,05-04-25,1070,2001,401,3,0,65,Discover
127,05-04-25,1073,2099,402,2,0,34,Mastercard
128,05-04-25,1056,2081,402,2,0,103,Visa
129,05-04-25,1173,2096,402,0,672.18,76,Mastercard
130,05-04-25,1160,2082,401,2,426.56,45,Visa
131,05-04-25,1112,2004,403,1,1669.05,69,Mastercard
132,05-04-25,1023,2037,403,3,2160.84,701,Visa
133,05-04-25,1044,2025,402,2,223.7,73,Discover
134,05-04-25,1135,2064,403,1,793.91,65,Discover
135,05-04-25,1065,2061,403,2,639.74,66,Mastercard
136,05-04-25,1029,2059,401,1,921.69,65,Visa
137,05-04-25,1193,2028,404,2,1531.06,34,Discover
138,05-04-25,1023,2050,401,2,298.85,103,Mastercard
139,05-04-25,1137,2015,404,2,539.98,76,Visa
140,05-04-25,1172,2095,403,3,2453.95,45,Discover
141,05-04-25,1163,2047,401,1,301.48,69,Discover
142,05-04-25,1120,2003,403,1,1039.99,701,Discover
143,05-04-25,1165,2008,404,2,53.27,73,Discover
144,05-04-25,1166,2052,401,1,658.13,65,Mastercard
145,05-04-25,1011,2004,403,3,3709,66,Visa
146,05-04-25,1029,2012,402,1,0,65,Mastercard
147,05-04-25,1099,2058,403,3,666.75,2,Visa
148,05-04-25,1150,2095,402,3,490.79,34,Mastercard
149,05-04-25,1167,2012,404,3,0,103,Visa
150,05-04-25,1071,2004,403,1,834.52,76,Discover
151,05-04-25,1113,2056,402,2,839.55,45,Discover
152,05-04-25,1025,2087,403,2,0,69,Mastercard
153,05-04-25,1015,2050,403,1,504.31,701,Visa
154,05-04-25,1031,2058,401,1,2400.3,73,Discover
155,05-04-25,1164,2081,401,0,2984.88,65,Mastercard
156,05-04-25,1085,2031,402,1,508.77,66,Visa
157,05-04-25,1017,2097,402,1,757.89,65,Discover
158,05-04-25,1059,2042,402,0,0,22,Discover
159,05-04-25,1070,2018,402,2,0,65,Discover
160,05-04-25,1044,2014,401,1,886.68,33,Discover
161,05-04-25,1003,2045,402,2,499.42,15,Mastercard
162,05-04-25,1004,2022,403,0,671.18,32,Visa
163,05-04-25,1032,2094,404,0,493.35,44,Mastercard
164,05-04-25,1190,2008,404,3,266.36,19,Visa
165,05-04-25,1199,2046,401,3,167.15,64,Mastercard
166,05-04-25,1128,2028,401,2,2041.41,3,Visa
167,05-04-25,1117,2082,401,0,799.8,78,Discover
168,05-04-25,1122,2051,404,0,234.64,11,Discover
169,05-04-25,1125,2091,404,0,1811.58,33,Mastercard
170,05-04-25,1020,2041,402,0,0,987,Visa
171,05-04-25,1032,2035,403,3,4499.95,12,Discover
172,05-04-25,1152,2067,403,3,872.85,22,Mastercard
173,05-04-25,1129,2077,404,0,2809.15,65,Visa
174,05-04-25,1179,2014,402,3,738.9,33,Discover
175,05-04-25,1115,2029,404,2,0,15,Discover
176,05-04-25,1116,2051,404,0,351.96,32,Discover
177,05-04-25,1080,2054,403,2,3602.04,44,Discover
178,05-04-25,1095,2019,404,0,933.93,19,Mastercard
179,05-04-25,1023,2010,401,3,0,64,Visa
180,05-04-25,1024,2095,403,1,3533.69,3,Mastercard
181,05-04-25,1142,2007,403,0,583.39,78,Visa
182,05-04-25,1105,2045,404,0,624.28,11,Mastercard
183,05-04-25,1073,2076,403,2,1934.57,33,Visa
184,05-04-25,1026,2073,402,1,1797.95,22,Discover
185,05-04-25,1168,2061,402,0,599.76,65,Discover
186,05-04-25,1089,2071,403,0,0,33,Mastercard
187,05-04-25,1195,2035,402,3,0,15,Visa
188,05-04-25,1143,2098,401,2,2178.86,32,Discover
189,05-04-25,1007,2023,403,2,751.63,44,Mastercard
190,05-04-25,1086,2044,401,1,373.64,19,Visa
191,05-04-25,1036,2072,404,0,1260.9,64,Discover
192,05-04-25,1036,2094,401,0,2466.75,3,Discover
193,05-04-25,1191,2067,402,3,872.85,78,Discover
194,05-04-25,1107,2058,403,1,1800.22,11,Discover
195,05-04-25,1094,2039,403,0,1952.88,33,Mastercard
196,05-04-25,1013,2019,402,0,0,22,Visa
197,05-04-25,1172,2010,403,3,0,65,Mastercard
198,05-04-25,1169,2054,404,3,900.51,33,Visa
199,05-04-25,1106,2034,402,0,136.17,15,Mastercard
200,05-04-25,1088,2055,401,2,129.46,32,Visa
201,05-04-25,1173,2086,404,2,715.28,44,Discover
202,05-04-25,1011,2028,404,0,0,19,Discover
203,05-04-25,1001,2026,403,1,190.4,64,Mastercard
204,05-04-25,1196,2017,403,2,370.96,3,Visa
205,05-04-25,1083,2015,401,3,0,78,Discover
206,05-04-25,1191,2055,402,1,48.55,11,Mastercard
207,05-04-25,1097,2068,402,2,1312.38,33,Visa
208,05-04-25,1018,2050,401,3,0,22,Discover
209,05-04-25,1004,2058,401,2,1066.8,65,Discover
210,05-04-25,1147,2054,404,3,2701.53,33,Discover
211,05-04-25,1074,2014,404,0,738.9,15,Discover
212,05-04-25,1083,2021,404,2,668.33,32,Mastercard
213,05-04-25,1022,2055,401,1,97.09,44,Visa
214,05-04-25,1111,2075,404,0,1561.28,19,Mastercard
215,05-04-25,1101,2039,403,1,2636.39,64,Visa
216,05-04-25,1085,2099,402,0,646.32,3,Mastercard
217,05-04-25,1130,2081,401,1,1343.2,78,Visa
218,05-04-25,1198,2044,403,1,186.82,11,Discover
219,05-04-25,1060,2013,402,2,0,33,Discover
220,05-04-25,1050,2022,402,0,671.18,22,Mastercard
221,05-04-25,1045,2098,404,3,907.86,65,Visa
222,05-04-25,1193,2072,404,2,1681.2,33,Discover
223,05-04-25,1160,2040,402,3,138.16,15,Mastercard
224,05-04-25,1017,2060,404,2,0,32,Visa
225,05-04-25,1070,2075,401,2,624.51,44,Discover
226,05-04-25,1129,2009,403,3,198.93,19,Discover
227,05-04-25,1115,2004,401,2,2225.4,64,Discover
228,05-04-25,1073,2009,401,3,66.31,3,Discover
229,05-04-25,1118,2074,401,3,659.5,78,Mastercard
230,05-04-25,1146,2083,402,2,614.53,11,Visa
231,05-04-25,1154,2060,402,0,408.38,33,Mastercard
232,05-04-25,1115,2013,403,0,2806.08,22,Visa
233,05-04-25,1129,2082,402,0,1066.4,65,Mastercard
234,05-04-25,1063,2090,404,3,71.64,33,Visa
235,05-04-25,1134,2066,402,2,1238.54,15,Discover
236,05-04-25,1095,2036,404,3,653.94,32,Discover
237,05-04-25,1198,2043,401,2,1397.52,44,Mastercard
238,05-04-25,1016,2042,401,3,0,19,Visa
239,05-04-25,1072,2032,402,2,1512.96,64,Discover
240,05-04-25,1020,2074,402,2,527.6,3,Mastercard
241,05-04-25,1079,2083,404,1,691.34,78,Visa
242,05-04-25,1152,2090,401,2,57.31,11,Discover
243,05-04-25,1143,2048,403,1,0,33,Discover
244,05-04-25,1171,2089,401,3,1654.08,22,Discover
245,05-04-25,1130,2046,401,2,106.98,65,Discover
246,05-04-25,1079,2023,402,2,3006.53,33,Mastercard
247,05-04-25,1196,2062,402,1,1114.85,15,Visa
248,05-04-25,1035,2019,401,2,0,32,Mastercard
249,05-04-25,1025,2064,401,2,705.7,44,Visa
250,05-04-25,1196,2079,402,3,2851.62,19,Mastercard
251,05-04-25,1039,2020,402,1,338.25,64,Visa
252,05-04-25,1184,2056,401,3,1574.16,3,Discover
253,05-04-25,1093,2086,402,3,3576.4,78,Discover
254,05-04-25,1156,2036,404,1,392.36,11,Mastercard
255,05-04-25,1136,2030,403,3,509.91,33,Visa
256,05-04-25,1049,2047,404,3,1674.9,15,Discover
257,05-04-25,1196,2036,404,3,0,32,Mastercard
258,05-04-25,1041,2025,402,2,671.09,44,Visa
259,05-04-25,1013,2082,404,2,1066.4,19,Discover
260,05-04-25,1141,2013,401,2,748.29,64,Discover
261,05-04-25,1021,2097,402,2,673.68,3,Discover
262,05-04-25,1115,2065,402,3,1881.36,78,Discover
263,05-04-25,1023,2028,404,2,510.35,11,Mastercard
264,05-04-25,1006,2053,401,3,610.15,33,Visa
265,05-04-25,1128,2047,402,3,1004.94,22,Mastercard
266,05-04-25,1020,2047,402,0,669.96,32,Visa
267,05-04-25,1081,2012,403,1,1682.61,44,Mastercard
268,05-04-25,1035,2004,403,3,927.25,19,Visa
269,05-04-25,1178,2017,404,3,1854.8,64,Discover
270,05-04-25,1157,2000,401,0,1938.62,3,Discover
271,05-04-25,1065,2027,402,3,775.83,78,Mastercard
272,05-04-25,1028,2099,403,1,3490.13,11,Visa
273,05-04-25,1077,2015,401,1,1822.42,33,Discover
274,05-04-25,1107,2081,404,0,2238.66,22,Mastercard
275,05-04-25,1028,2063,401,1,994.43,65,Visa
276,05-04-25,1183,2018,403,3,2711.3,33,Discover
277,05-04-25,1000,2078,403,1,0,15,Discover
278,05-04-25,1146,2053,402,0,1220.3,32,Discover
279,05-04-25,1134,2046,401,0,33.43,44,Discover
280,05-04-25,1099,2060,401,3,1633.52,19,Mastercard
281,05-04-25,1095,2032,401,2,1512.96,64,Visa
282,05-04-25,1017,2044,402,0,207.58,3,Mastercard
283,05-04-25,1197,2074,403,1,593.55,78,Visa
284,05-04-25,1011,2045,403,1,842.78,11,Mastercard
285,05-04-25,1199,2087,404,3,159.32,32,Visa
286,05-04-25,1161,2023,402,0,939.54,44,Discover
287,05-04-25,1183,2099,404,0,1292.64,19,Discover
288,05-04-25,1075,2025,401,1,0,64,Mastercard
289,05-04-25,1010,2040,403,3,138.16,3,Visa
290,05-04-25,1139,2060,403,0,1225.14,78,Discover
291,05-04-25,1192,2082,402,2,213.28,11,Mastercard
292,05-04-25,1091,2099,401,2,1034.11,33,Visa
293,05-04-25,1069,2015,403,3,2699.88,22,Discover
294,05-04-25,1102,2095,404,3,1472.37,65,Discover
295,05-04-25,1086,2023,404,3,3758.16,33,Discover
296,05-04-25,1094,2066,403,0,1032.12,15,Discover
297,05-04-25,1186,2054,401,3,0,32,Mastercard
298,05-04-25,1154,2023,403,2,751.63,44,Visa
299,05-04-25,1026,2010,403,2,62.27,19,Mastercard
300,05-04-25,1078,2057,404,1,393.28,64,Visa
301,05-04-25,1176,2056,403,3,524.72,32,Mastercard
302,05-04-25,1010,2093,403,3,0,44,Visa
303,05-04-25,1070,2081,401,0,1492.44,19,Discover
304,05-04-25,1171,2081,404,2,596.98,64,Discover
305,05-04-25,1131,2095,402,0,1472.37,3,Mastercard
306,05-04-25,1036,2077,404,0,1123.66,78,Visa
307,05-04-25,1032,2008,402,2,106.54,11,Mastercard
308,05-04-25,1092,2049,401,1,0,33,Visa
309,05-04-25,1173,2057,403,2,349.58,22,Discover
310,05-04-25,1113,2097,401,1,757.89,65,Mastercard
311,05-04-25,1135,2046,404,2,80.23,33,Visa
312,05-04-25,1166,2035,402,0,899.99,15,Discover
313,05-04-25,1006,2094,402,3,1480.05,32,Discover
314,05-04-25,1132,2049,401,2,1503.74,44,Discover
315,05-04-25,1198,2033,404,1,2257.88,19,Discover
316,05-04-25,1156,2036,404,1,784.73,64,Mastercard
317,05-04-25,1031,2017,401,3,0,3,Visa
318,05-04-25,1044,2091,404,0,1811.58,78,Mastercard
319,05-04-25,1174,2040,403,0,34.54,11,Visa
320,05-04-25,1140,2069,403,2,557.74,3,Mastercard
321,05-04-25,1040,2091,402,2,724.63,78,Visa
322,05-04-25,1130,2028,401,1,574.15,11,Discover
323,05-04-25,1035,2030,404,0,339.94,32,Discover
324,05-04-25,1092,2070,403,3,102.54,44,Mastercard
325,05-04-25,1141,2016,401,0,0,19,Visa
326,05-04-25,1079,2050,404,3,186.78,64,Discover
327,05-04-25,1196,2052,401,1,2632.54,3,Mastercard
328,05-04-25,1081,2082,401,3,1066.4,78,Visa
329,05-04-25,1119,2087,403,1,0,11,Discover
330,05-04-25,1199,2070,402,1,30.76,33,Discover
331,05-04-25,1110,2064,401,0,0,22,Discover
332,05-04-25,1132,2019,403,1,1681.07,65,Discover
333,05-04-25,1041,2041,402,2,643.37,33,Mastercard
334,05-04-25,1132,2036,401,2,348.77,15,Visa
335,05-04-25,1050,2081,403,1,2686.39,32,Mastercard
336,05-04-25,1160,2038,401,1,0,44,Visa
337,05-04-25,1151,2074,402,1,1187.1,19,Mastercard
338,05-04-25,1168,2079,403,0,1901.08,64,Visa
339,05-04-25,1007,2010,401,2,62.27,3,Discover
340,05-04-25,1166,2026,404,0,0,78,Discover
341,05-04-25,1127,2080,403,2,1997.42,11,Mastercard
342,05-04-25,1123,2031,404,2,1356.72,32,Visa
343,05-04-25,1116,2009,401,1,119.36,44,Discover
344,05-04-25,1112,2053,404,3,0,19,Mastercard
345,05-04-25,1052,2043,402,2,698.76,64,Visa
346,05-04-25,1183,2040,403,3,103.62,3,Discover
347,05-04-25,1033,2097,403,0,4210.5,78,Discover
348,05-04-25,1081,2030,404,0,339.94,11,Discover
349,05-04-25,1068,2057,402,1,1179.85,33,Discover
350,05-04-25,1024,2006,403,3,594,22,Mastercard
351,05-04-25,1157,2053,402,1,1098.27,65,Visa
352,05-04-25,1083,2073,403,1,2247.44,33,Mastercard
353,05-04-25,1195,2020,404,3,1879.15,15,Visa
354,05-04-25,1127,2039,404,0,1952.88,32,Mastercard
355,05-04-25,1023,2050,404,1,0,44,Visa
356,05-04-25,1055,2074,403,0,1978.5,19,Discover
357,05-04-25,1012,2036,404,3,653.94,64,Discover
358,05-04-25,1073,2068,401,0,2460.72,3,Mastercard
359,05-04-25,1110,2017,403,2,370.96,78,Visa
360,05-04-25,1195,2051,403,0,117.32,11,Discover
361,05-04-25,1102,2006,402,2,792,32,Mastercard
362,05-04-25,1141,2036,401,3,871.92,44,Visa
363,05-04-25,1129,2057,403,0,1747.92,19,Discover
364,05-04-25,1032,2012,404,2,997.1,64,Discover
365,05-04-25,1086,2071,403,1,553.64,3,Discover
366,05-04-25,1050,2077,404,0,561.83,78,Discover
367,05-04-25,1011,2004,402,2,0,11,Mastercard
368,05-04-25,1121,2066,404,1,0,33,Visa
369,05-04-25,1155,2065,402,2,1128.82,22,Mastercard
370,05-04-25,1156,2040,402,3,138.16,65,Visa
371,05-04-25,1157,2094,403,2,1578.72,33,Mastercard
372,05-04-25,1129,2065,404,2,752.54,15,Visa
373,05-04-25,1121,2002,403,2,2771.2,32,Discover
374,05-04-25,1172,2014,404,2,197.04,44,Discover
375,05-04-25,1185,2088,401,3,2128.05,19,Mastercard
376,05-04-25,1067,2083,402,0,0,64,Mastercard
377,05-04-25,1149,2061,402,3,1199.52,3,Visa
378,05-04-25,1037,2087,402,0,318.64,78,Discover
379,05-04-25,1146,2089,401,1,744.34,11,Mastercard
380,05-04-25,1004,2056,403,3,2098.88,32,Visa
381,05-04-25,1038,2052,402,3,2193.78,44,Discover
382,05-04-25,1128,2099,404,0,3877.92,19,Discover
383,05-04-25,1180,2017,402,2,741.92,64,Discover
384,05-04-25,1169,2061,404,2,319.87,3,Discover
385,05-04-25,1044,2058,403,2,1066.8,78,Mastercard
386,05-04-25,1173,2098,403,3,3631.44,11,Visa
387,05-04-25,1049,2031,403,2,1356.72,33,Mastercard
388,05-04-25,1057,2038,403,1,2501.58,22,Visa
389,05-04-25,1176,2090,404,2,343.87,65,Mastercard
390,05-04-25,1122,2044,403,2,166.06,33,Visa
391,05-04-25,1031,2073,404,3,1498.29,15,Discover
392,05-04-25,1088,2098,402,2,726.29,32,Discover
393,05-04-25,1010,2036,401,2,348.77,44,Mastercard
394,05-04-25,1113,2083,403,3,3072.64,19,Visa
395,05-04-25,1054,2025,403,2,671.09,64,Discover
396,05-04-25,1035,2013,402,1,1683.65,3,Mastercard
397,05-04-25,1012,2085,402,1,217.94,78,Visa
398,05-04-25,1013,2012,404,2,1994.21,11,Discover
399,05-04-25,1183,2060,401,1,367.54,32,Discover
400,05-04-25,1001,2070,402,3,102.54,44,Discover
401,05-04-25,1167,2060,404,1,735.08,19,Discover
402,05-04-25,1193,2036,403,2,348.77,64,Mastercard
403,05-04-25,1165,2007,401,1,0,3,Visa
404,05-04-25,1136,2094,401,1,1776.06,78,Mastercard
405,05-04-25,1106,2022,401,3,671.18,11,Visa
406,05-04-25,1126,2023,403,0,0,33,Mastercard
407,05-04-25,1002,2038,401,2,1482.42,22,Visa
408,05-04-25,1072,2058,404,1,1200.15,65,Discover
409,05-04-25,1129,2059,403,1,1382.54,33,Discover
410,05-04-25,1028,2042,402,3,502.83,15,Mastercard
411,05-04-25,1165,2032,402,0,0,32,Visa
412,05-04-25,1188,2043,403,1,1572.21,44,Discover
413,05-04-25,1044,2078,404,3,426.03,19,Mastercard
414,05-04-25,1131,2041,401,3,3216.84,64,Visa
415,05-04-25,1171,2012,402,1,1121.74,3,Discover
416,05-04-25,1122,2041,402,0,1608.42,78,Discover
417,05-04-25,1066,2049,402,3,0,11,Discover
418,05-04-25,1192,2034,403,2,326.81,32,Discover
419,05-04-25,1149,2092,401,2,1157.3,44,Mastercard
420,05-04-25,1167,2046,402,0,133.72,19,Visa
421,05-04-25,1170,2015,404,2,0,64,Mastercard
422,05-04-25,1040,2051,403,0,469.28,3,Visa
423,05-04-25,1163,2037,403,1,0,78,Mastercard
424,05-04-25,1056,2017,404,1,834.66,11,Visa
425,05-04-25,1116,2095,403,3,490.79,33,Discover
426,05-04-25,1179,2070,404,1,61.52,22,Discover
427,05-04-25,1195,2031,401,3,1695.9,65,Mastercard
428,05-04-25,1135,2090,403,0,0,33,Visa
429,05-04-25,1144,2014,401,1,443.34,15,Discover
430,05-04-25,1146,2068,402,1,2952.86,32,Mastercard
431,05-04-25,1083,2066,404,0,516.06,44,Visa
432,05-04-25,1174,2026,404,0,423.12,19,Discover
433,05-04-25,1130,2057,401,3,1747.92,64,Discover
434,05-04-25,1033,2065,404,3,0,3,Discover
435,05-04-25,1144,2007,404,2,933.42,78,Discover
436,05-04-25,1185,2002,404,2,692.8,11,Mastercard
437,05-04-25,1000,2095,402,0,0,44,Visa
438,05-04-25,1011,2054,403,0,900.51,32,Mastercard
439,05-04-25,1138,2007,401,3,2333.56,44,Visa
440,05-04-25,1008,2036,404,1,196.18,19,Mastercard
441,05-04-25,1196,2017,404,2,741.92,64,Visa
442,05-04-25,1097,2057,404,3,436.98,3,Discover
443,05-04-25,1020,2087,402,2,637.28,78,Discover
444,05-04-25,1030,2022,404,1,604.06,11,Mastercard
445,05-04-25,1186,2028,401,0,2551.76,33,Mastercard
446,05-04-25,1076,2059,404,3,1536.15,22,Visa
447,05-04-25,1058,2031,404,2,0,65,Discover
448,05-04-25,1039,2035,402,0,899.99,33,Mastercard
449,05-04-25,1008,2084,404,0,845.55,15,Visa
450,05-04-25,1061,2026,401,0,423.12,32,Discover
451,05-04-25,1152,2004,404,0,2781.75,44,Discover
452,05-04-25,1062,2094,401,3,1973.4,19,Discover
453,05-04-25,1112,2029,402,0,13.51,64,Discover
454,05-04-25,1035,2064,403,1,0,3,Mastercard
455,05-04-25,1187,2073,403,2,399.54,78,Visa
456,05-04-25,1060,2038,402,1,3335.44,32,Mastercard
457,05-04-25,1105,2038,403,0,1853.02,44,Visa
458,05-04-25,1142,2075,402,3,3903.2,19,Mastercard
459,05-04-25,1142,2063,401,2,1325.9,64,Visa
460,05-04-25,1164,2085,404,2,387.44,3,Discover
461,05-04-25,1178,2053,404,1,1647.4,78,Discover
462,05-04-25,1076,2048,402,3,1072.89,11,Mastercard
463,05-04-25,1061,2028,403,1,1148.29,33,Visa
464,05-04-25,1118,2007,404,3,1750.17,22,Discover
465,05-04-25,1142,2067,402,3,1163.8,65,Mastercard
466,05-04-25,1062,2032,402,2,756.48,33,Visa
467,05-04-25,1165,2010,404,2,124.54,15,Discover
468,05-04-25,1023,2068,402,0,2460.72,32,Discover
469,05-04-25,1068,2048,401,0,715.26,44,Discover
470,05-04-25,1048,2097,402,3,0,19,Discover
471,05-04-25,1053,2042,403,0,167.61,64,Mastercard
472,05-04-25,1054,2024,401,3,372.81,3,Visa
473,05-04-25,1062,2089,402,3,1240.56,78,Mastercard
474,05-04-25,1061,2070,403,2,27.34,11,Visa
475,05-04-25,1097,2059,403,2,0,32,Mastercard
476,05-04-25,1066,2046,404,3,200.58,44,Visa
477,05-04-25,1025,2092,404,2,771.54,19,Discover
478,05-04-25,1052,2047,403,3,334.98,64,Discover
479,05-04-25,1011,2072,402,1,756.54,3,Mastercard
480,05-04-25,1004,2033,404,2,0,78,Visa
481,05-04-25,1039,2025,403,1,503.32,11,Discover
482,05-04-25,1097,2072,402,3,420.3,33,Mastercard
483,05-04-25,1140,2083,403,2,1843.58,22,Visa
484,05-04-25,1195,2062,404,3,3096.8,65,Discover
485,05-04-25,1043,2093,403,1,1360.69,33,Discover
486,05-04-25,1035,2092,404,1,0,15,Discover
487,05-04-25,1138,2082,401,0,533.2,32,Discover
488,05-04-25,1019,2085,401,0,484.3,44,Mastercard
489,05-04-25,1105,2017,402,0,1391.1,19,Visa
490,05-04-25,1181,2019,401,1,4202.68,64,Mastercard
491,05-04-25,1129,2058,403,0,1333.5,3,Visa
492,05-04-25,1158,2081,404,3,2984.88,78,Mastercard
493,05-04-25,1004,2000,404,0,2907.93,11,Visa
494,05-04-25,1004,2067,403,2,465.52,4,Discover
495,05-04-25,1004,2064,404,1,1323.18,32,Discover
496,05-04-25,1027,2012,402,1,1121.74,44,Mastercard
497,05-04-25,1049,2079,403,2,3802.16,19,Visa
498,05-04-25,1068,2050,401,2,0,64,Discover
499,05-04-25,1103,2058,402,1,600.08,3,Mastercard
500,05-04-25,1076,2087,401,0,159.32,78,Visa
501,05-04-25,1023,2051,404,3,351.96,11,Discover
502,05-04-25,1141,2060,401,0,408.38,33,Discover
503,05-04-25,1179,2021,401,3,835.41,22,Discover
504,05-04-25,1111,2082,403,0,0,65,Discover
505,05-04-25,1135,2005,402,1,1157.71,33,Mastercard
506,05-04-25,1177,2072,404,2,1008.72,15,Visa
507,05-04-25,1011,2009,403,0,0,32,Mastercard
508,05-04-25,1045,2040,401,1,31.09,44,Visa
509,05-04-25,1150,2018,404,0,1084.52,19,Mastercard
510,05-04-25,1076,2020,402,3,2254.98,64,Visa
511,05-04-25,1173,2069,403,3,232.39,3,Discover
512,05-04-25,1193,2094,402,0,1480.05,78,Discover
513,05-04-25,1128,2095,403,0,0,11,Mastercard
514,05-04-25,1025,2055,402,0,107.88,11,Mastercard
515,05-04-25,1087,2077,404,2,449.46,32,Visa
516,05-04-25,1007,2081,403,3,746.22,44,Discover
517,05-04-25,1125,2029,403,3,40.53,19,Mastercard
518,05-04-25,1110,2023,404,0,1879.08,64,Visa
519,05-04-25,1197,2079,403,1,855.49,3,Discover
520,05-04-25,1182,2009,401,2,53.05,78,Discover
521,05-04-25,1039,2048,402,3,357.63,11,Discover
522,05-04-25,1081,2046,401,0,33.43,33,Discover
523,05-04-25,1001,2039,404,2,2343.46,22,Mastercard
524,05-04-25,1194,2034,401,1,245.11,65,Visa
525,05-04-25,1022,2023,404,3,5637.24,33,Mastercard
526,05-04-25,1142,2071,404,0,615.16,15,Visa
527,05-04-25,1006,2011,403,0,1229.22,32,Mastercard
528,05-04-25,1152,2076,403,3,2418.21,44,Visa
529,05-04-25,1003,2037,404,3,1440.56,19,Discover
530,05-04-25,1199,2010,402,1,210.17,64,Discover
531,05-04-25,1175,2048,402,1,965.6,3,Mastercard
532,05-04-25,1068,2038,403,3,0,78,Visa
533,05-04-25,1037,2008,402,3,266.36,11,Discover
534,05-04-25,1070,2053,403,3,1830.45,4,Mastercard
535,05-04-25,1005,2009,403,2,53.05,32,Visa
536,05-04-25,1063,2092,404,1,867.98,44,Discover
537,05-04-25,1117,2013,402,2,2244.86,19,Discover
538,05-04-25,1001,2050,403,3,0,64,Discover
539,05-04-25,1084,2056,403,3,1574.16,3,Discover
540,05-04-25,1166,2076,402,2,0,78,Mastercard
541,05-04-25,1082,2077,402,3,0,11,Visa
542,05-04-25,1080,2022,404,2,1073.89,33,Mastercard
543,05-04-25,1074,2094,404,1,444.02,22,Visa
544,05-04-25,1083,2048,403,3,0,65,Mastercard
545,05-04-25,1093,2014,402,1,221.67,33,Visa
546,05-04-25,1174,2098,401,3,2723.58,15,Discover
547,05-04-25,1181,2026,404,2,507.74,32,Discover
548,05-04-25,1177,2008,404,3,332.95,44,Mastercard
549,05-04-25,1035,2081,403,1,1343.2,19,Visa
550,05-04-25,1064,2084,402,3,845.55,64,Discover
551,05-04-25,1096,2009,404,3,198.93,3,Mastercard
552,05-04-25,1149,2051,404,0,0,78,Visa
553,05-04-25,1092,2089,401,0,827.04,11,Discover
554,05-04-25,1196,2031,403,1,1526.31,11,Discover
555,05-04-25,1165,2078,401,3,142.01,32,Discover
556,05-04-25,1192,2042,404,0,1005.66,44,Discover
557,05-04-25,1002,2012,403,1,560.87,19,Mastercard
558,05-04-25,1130,2095,402,3,1963.16,64,Visa
559,05-04-25,1095,2050,404,1,168.1,3,Mastercard
560,05-04-25,1088,2003,404,0,385.18,78,Visa
561,05-04-25,1075,2053,401,0,1830.45,11,Mastercard
562,05-04-25,1186,2018,403,2,1301.42,33,Visa
563,05-04-25,1087,2058,402,3,2667,22,Discover
564,05-04-25,1089,2060,401,3,408.38,65,Discover
565,05-04-25,1184,2089,404,2,1984.9,33,Mastercard
566,05-04-25,1017,2038,401,0,0,15,Visa
567,05-04-25,1005,2043,401,1,786.1,32,Discover
568,05-04-25,1189,2031,402,1,2035.08,44,Mastercard
569,05-04-25,1084,2071,404,3,0,19,Visa
570,05-04-25,1059,2051,402,1,527.94,64,Discover
571,05-04-25,1163,2084,404,3,845.55,3,Discover
572,05-04-25,1007,2094,402,3,493.35,78,Discover
573,05-04-25,1151,2054,404,0,0,11,Discover
574,05-04-25,1180,2027,402,2,0,4,Mastercard
575,05-04-25,1192,2090,401,0,286.56,32,Visa
576,05-04-25,1137,2023,403,2,1503.26,44,Mastercard
577,05-04-25,1050,2058,401,2,1066.8,19,Visa
578,05-04-25,1171,2062,403,3,619.36,64,Mastercard
579,05-04-25,1156,2050,401,2,0,3,Visa
580,05-04-25,1090,2058,402,2,1066.8,78,Discover
581,05-04-25,1157,2075,401,1,702.58,11,Discover
582,05-04-25,1080,2015,402,2,1619.93,33,Mastercard
583,05-04-25,1029,2023,403,1,0,22,Mastercard
584,05-04-25,1130,2049,404,1,845.86,65,Visa
585,05-04-25,1147,2049,404,1,845.86,33,Discover
586,05-04-25,1124,2081,402,1,2686.39,15,Mastercard
587,05-04-25,1125,2036,402,1,588.55,32,Visa
588,05-04-25,1080,2057,401,2,699.17,44,Discover
589,05-04-25,1002,2062,402,1,1114.85,19,Discover
590,05-04-25,1098,2071,404,3,1845.48,64,Discover
591,05-04-25,1175,2062,404,3,1858.08,3,Discover
592,05-04-25,1125,2021,401,0,1670.82,78,Mastercard
593,05-04-25,1194,2028,403,0,637.94,11,Visa
594,05-04-25,1070,2028,403,1,0,11,Mastercard
595,05-04-25,1199,2058,404,0,2667,32,Visa
596,05-04-25,1146,2014,403,2,0,44,Mastercard
597,05-04-25,1138,2096,401,3,2688.72,19,Visa
598,05-04-25,1139,2027,404,0,258.61,64,Discover
599,05-04-25,1188,2083,402,2,1229.06,3,Discover
600,05-04-25,1008,2057,403,2,699.17,78,Mastercard
601,05-04-25,1022,2056,401,1,2361.24,11,Visa
602,05-04-25,1053,2094,403,3,493.35,33,Discover
603,05-04-25,1042,2078,402,1,127.81,22,Mastercard
604,05-04-25,1052,2007,403,2,2333.56,65,Visa
605,05-04-25,1152,2068,402,2,656.19,33,Discover
606,05-04-25,1180,2037,403,2,288.11,15,Discover
607,05-04-25,1131,2086,401,1,2414.07,32,Discover
608,05-04-25,1192,2052,401,2,0,44,Discover
609,05-04-25,1167,2016,402,1,290.72,19,Mastercard
610,05-04-25,1037,2091,403,1,0,64,Visa
611,05-04-25,1194,2086,404,3,0,3,Mastercard
612,05-04-25,1036,2073,403,3,1997.72,78,Visa
613,05-04-25,1096,2057,401,0,1310.94,11,Mastercard
614,05-04-25,1103,2065,403,2,376.27,4,Visa
615,05-04-25,1116,2062,403,0,1238.72,32,Discover
616,05-04-25,1198,2093,401,3,0,44,Discover
617,05-04-25,1162,2085,403,0,0,19,Mastercard
618,05-04-25,1136,2050,402,3,933.9,64,Visa
619,05-04-25,1054,2063,403,2,441.97,3,Discover
620,05-04-25,1072,2043,402,3,4367.25,78,Mastercard
621,05-04-25,1087,2087,401,0,637.28,11,Visa
622,05-04-25,1025,2080,404,0,3329.04,33,Discover
623,05-04-25,1031,2020,404,3,1127.49,22,Discover
624,05-04-25,1000,2054,402,1,1620.92,65,Discover
625,05-04-25,1166,2038,402,2,2223.62,33,Discover
626,05-04-25,1023,2083,403,2,1229.06,15,Mastercard
627,05-04-25,1021,2047,402,0,1674.9,32,Visa
628,05-04-25,1101,2080,403,1,3745.17,44,Mastercard
629,05-04-25,1109,2083,401,0,768.16,19,Visa
630,05-04-25,1000,2027,404,0,517.22,64,Mastercard
631,05-04-25,1033,2075,402,3,780.64,3,Visa
632,05-04-25,1002,2001,403,0,824.7,78,Discover
633,05-04-25,1108,2088,402,3,3546.75,11,Discover
634,05-04-25,1018,2029,404,0,27.02,11,Mastercard
635,05-04-25,1187,2013,401,2,2993.15,32,Visa
636,05-04-25,1094,2038,402,3,926.51,44,Discover
637,05-04-25,1198,2096,402,1,1814.89,19,Mastercard
638,05-04-25,1017,2067,401,1,523.71,64,Visa
639,05-04-25,1112,2044,402,1,560.47,3,Discover
640,05-04-25,1105,2078,404,1,383.43,78,Discover
641,05-04-25,1022,2012,402,0,623.19,11,Discover
642,05-04-25,1150,2093,404,2,1814.26,33,Discover
643,05-04-25,1109,2040,402,1,31.09,22,Mastercard
644,05-04-25,1070,2082,401,1,719.82,65,Visa
645,05-04-25,1141,2076,403,0,3224.28,33,Mastercard
646,05-04-25,1168,2038,402,1,1667.72,15,Visa
647,05-04-25,1191,2050,403,0,560.34,32,Mastercard
648,05-04-25,1005,2030,404,3,679.88,44,Visa
649,05-04-25,1028,2030,404,0,509.91,19,Discover
650,05-04-25,1135,2001,403,2,989.64,64,Discover
651,05-04-25,1033,2049,404,2,751.87,3,Mastercard
652,05-04-25,1139,2087,402,3,0,78,Mastercard
653,05-04-25,1197,2009,401,0,265.24,11,Visa
654,05-04-25,1003,2033,402,0,836.25,4,Discover
655,05-04-25,1015,2050,403,3,560.34,32,Mastercard
656,05-04-25,1108,2089,404,0,413.52,44,Visa
657,05-04-25,1163,2068,402,2,3280.96,19,Discover
658,05-04-25,1021,2039,401,1,878.8,64,Discover
659,05-04-25,1039,2068,403,3,2460.72,3,Discover
660,05-04-25,1150,2081,401,2,1193.95,78,Discover
661,05-04-25,1178,2055,402,0,53.94,11,Mastercard
662,05-04-25,1062,2011,404,0,0,33,Visa
663,05-04-25,1116,2078,401,2,0,22,Mastercard
664,05-04-25,1170,2094,402,0,986.7,65,Visa
665,05-04-25,1003,2090,402,0,143.28,33,Mastercard
666,05-04-25,1041,2063,403,2,1325.9,15,Visa
667,05-04-25,1042,2047,402,2,803.95,32,Discover
668,05-04-25,1187,2015,401,2,0,44,Discover
669,05-04-25,1109,2034,401,2,326.81,19,Mastercard
670,05-04-25,1182,2073,401,3,499.43,64,Visa
671,05-04-25,1116,2065,403,0,470.34,3,Discover
672,05-04-25,1127,2072,402,2,1008.72,78,Mastercard
673,05-04-25,1040,2032,401,0,0,11,Visa
674,05-04-25,1058,2094,401,0,493.35,11,Discover
675,05-04-25,1003,2031,401,3,1695.9,32,Discover
676,05-04-25,1093,2049,402,1,1691.71,44,Discover
677,05-04-25,1009,2070,404,1,30.76,19,Discover
678,05-04-25,1082,2031,404,2,452.24,64,Mastercard
679,05-04-25,1069,2009,403,0,0,3,Visa
680,05-04-25,1128,2086,401,1,804.69,78,Mastercard
681,05-04-25,1057,2066,401,3,1548.18,11,Visa
682,05-04-25,1017,2059,403,2,409.64,33,Mastercard
683,05-04-25,1083,2011,404,0,1638.96,22,Visa
684,05-04-25,1094,2025,403,2,223.7,65,Discover
685,05-04-25,1189,2079,402,3,3802.16,33,Discover
686,05-04-25,1094,2075,404,1,702.58,15,Mastercard
687,05-04-25,1187,2069,402,1,627.45,32,Visa
688,05-04-25,1001,2052,401,1,0,44,Discover
689,05-04-25,1138,2044,401,2,166.06,19,Mastercard
690,05-04-25,1000,2097,404,2,1347.36,64,Visa
691,05-04-25,1026,2026,402,3,211.56,3,Discover
692,05-04-25,1125,2007,402,2,933.42,78,Discover
693,05-04-25,1023,2005,402,3,1286.34,11,Discover
694,05-04-25,1179,2047,404,0,669.96,4,Discover
695,05-04-25,1148,2012,402,3,3115.95,32,Mastercard
696,05-04-25,1019,2075,401,3,2341.92,44,Visa
697,05-04-25,1169,2016,402,2,775.25,19,Mastercard
698,05-04-25,1066,2040,404,2,55.26,64,Visa
699,05-04-25,1081,2057,403,1,393.28,3,Mastercard
700,05-04-25,1019,2025,402,0,559.24,78,Visa
701,05-04-25,1039,2013,402,3,4676.8,11,Discover
702,05-04-25,1119,2040,404,0,69.08,33,Discover
703,05-04-25,1137,2045,402,3,0,22,Mastercard
704,05-04-25,1078,2059,403,0,1536.15,65,Visa
705,05-04-25,1023,2020,403,0,0,33,Discover
706,05-04-25,1055,2041,402,0,4021.05,15,Mastercard
707,05-04-25,1182,2031,403,3,1695.9,32,Visa
708,05-04-25,1131,2006,403,2,475.2,44,Discover
709,05-04-25,1044,2003,404,3,1155.54,19,Discover
710,05-04-25,1142,2095,402,0,2453.95,64,Discover
711,05-04-25,1118,2013,402,0,1870.72,3,Discover
712,05-04-25,1003,2007,402,1,1050.1,78,Mastercard
713,05-04-25,1050,2051,403,0,117.32,11,Visa
714,05-04-25,1149,2075,403,0,780.64,11,Mastercard
715,05-04-25,1005,2008,402,3,466.13,32,Visa
716,05-04-25,1032,2011,403,0,409.74,44,Mastercard
717,05-04-25,1010,2059,401,1,921.69,19,Visa
718,05-04-25,1146,2055,404,3,0,64,Discover
719,05-04-25,1007,2048,404,1,1287.47,3,Discover
720,05-04-25,1090,2027,402,2,413.78,78,Mastercard
721,05-04-25,1071,2057,402,0,1310.94,11,Mastercard
722,05-04-25,1157,2079,402,2,2281.3,33,Visa
723,05-04-25,1127,2052,404,0,2193.78,22,Discover
724,05-04-25,1022,2035,404,1,1619.98,65,Mastercard
725,05-04-25,1107,2025,402,0,279.62,33,Visa
726,05-04-25,1097,2091,403,3,2717.37,15,Discover
727,05-04-25,1139,2062,403,2,1486.46,32,Discover
728,05-04-25,1099,2034,402,0,408.51,44,Discover
729,05-04-25,1081,2076,402,0,2418.21,19,Discover
730,05-04-25,1199,2035,401,3,2699.97,64,Mastercard
731,05-04-25,1135,2045,402,1,842.78,3,Visa
732,05-04-25,1025,2031,402,2,904.48,78,Mastercard
733,05-04-25,1136,2094,401,1,0,11,Visa
734,05-04-25,1147,2049,403,1,3383.42,4,Mastercard
735,05-04-25,1045,2030,403,2,407.93,32,Visa
736,05-04-25,1151,2003,403,1,693.32,44,Discover
737,05-04-25,1144,2024,404,2,298.25,19,Discover
738,05-04-25,1044,2062,401,0,1238.72,64,Mastercard
739,05-04-25,1014,2029,402,0,13.51,3,Visa
740,05-04-25,1134,2061,401,2,639.74,78,Discover
741,05-04-25,1157,2025,402,2,671.09,11,Mastercard
742,05-04-25,1183,2022,403,0,2684.72,33,Visa
743,05-04-25,1005,2018,402,0,542.26,22,Discover
744,05-04-25,1134,2046,401,2,53.49,65,Discover
745,05-04-25,1180,2084,404,0,281.85,33,Discover
746,05-04-25,1086,2038,403,1,1667.72,15,Discover
747,05-04-25,1040,2093,404,3,755.94,32,Mastercard
748,05-04-25,1166,2040,402,2,27.63,44,Visa
749,05-04-25,1057,2085,402,3,1452.9,19,Mastercard
750,05-04-25,1078,2093,403,1,0,64,Visa
751,05-04-25,1045,2093,401,3,2267.82,3,Mastercard
752,05-04-25,1197,2072,401,1,1513.08,78,Visa
753,05-04-25,1154,2040,402,0,69.08,11,Discover
754,05-04-25,1127,2018,403,0,0,11,Discover
755,05-04-25,1060,2044,403,1,934.11,32,Mastercard
756,05-04-25,1162,2011,403,3,1229.22,44,Visa
757,05-04-25,1002,2033,402,1,3010.5,19,Discover
758,05-04-25,1177,2008,403,2,159.82,64,Mastercard
759,05-04-25,1027,2092,401,0,482.21,3,Visa
760,05-04-25,1098,2056,404,1,944.5,78,Discover
761,05-04-25,1105,2063,404,2,2209.84,11,Discover
762,05-04-25,1139,2048,401,3,357.63,33,Discover
763,05-04-25,1147,2083,402,1,691.34,22,Discover
764,05-04-25,1115,2009,401,2,53.05,65,Mastercard
765,05-04-25,1005,2040,403,0,103.62,33,Visa
766,05-04-25,1018,2043,402,3,2620.35,15,Mastercard
767,05-04-25,1041,2093,401,0,755.94,32,Visa
768,05-04-25,1086,2076,404,0,0,44,Mastercard
769,05-04-25,1110,2083,402,3,768.16,19,Visa
770,05-04-25,1040,2006,401,2,0,64,Discover
771,05-04-25,1052,2024,404,2,298.25,3,Discover
772,05-04-25,1169,2036,403,1,392.36,78,Mastercard
773,05-04-25,1024,2006,404,3,0,11,Visa
774,05-04-25,1039,2006,403,0,198,4,Discover
775,05-04-25,1109,2011,403,3,1638.96,32,Mastercard
776,05-04-25,1051,2012,401,1,1121.74,44,Visa
777,05-04-25,1043,2081,403,0,746.22,19,Discover
778,05-04-25,1121,2014,403,3,985.2,64,Discover
779,05-04-25,1120,2062,403,0,2477.44,3,Discover
780,05-04-25,1164,2069,404,1,0,78,Discover
781,05-04-25,1094,2048,403,1,321.87,11,Mastercard
782,05-04-25,1114,2005,403,3,428.78,33,Visa
783,05-04-25,1119,2033,402,2,1338,22,Mastercard
784,05-04-25,1144,2007,402,0,1166.78,65,Visa
785,05-04-25,1021,2085,403,3,0,33,Mastercard
786,05-04-25,1193,2075,402,0,1561.28,15,Visa
787,05-04-25,1099,2066,404,3,0,32,Discover
788,05-04-25,1146,2030,404,2,543.9,44,Discover
789,05-04-25,1020,2050,401,1,168.1,19,Mastercard
790,05-04-25,1030,2096,404,1,3024.81,64,Mastercard
791,05-04-25,1042,2027,402,1,232.75,3,Visa
792,05-04-25,1010,2054,401,3,900.51,78,Discover
793,05-04-25,1051,2080,402,2,0,11,Mastercard
794,05-04-25,1081,2093,401,0,755.94,11,Visa
795,05-04-25,1099,2071,404,2,984.26,32,Discover
796,05-04-25,1070,2066,404,0,0,44,Discover
797,05-04-25,1179,2079,404,0,2851.62,19,Discover
798,05-04-25,1106,2019,402,0,3735.72,64,Discover
799,05-04-25,1027,2072,401,2,672.48,3,Mastercard
800,05-04-25,1137,2044,404,2,830.32,78,Visa
801,05-04-25,1098,2083,404,3,2304.48,11,Mastercard
802,05-04-25,1009,2022,403,3,2684.72,33,Visa
803,05-04-25,1036,2079,404,0,950.54,22,Mastercard
804,05-04-25,1101,2042,402,0,335.22,65,Visa
805,05-04-25,1190,2060,403,2,0,33,Discover
806,05-04-25,1005,2043,403,2,2096.28,15,Discover
807,05-04-25,1071,2062,401,1,557.42,32,Mastercard
808,05-04-25,1034,2038,404,2,2223.62,44,Visa
809,05-04-25,1068,2093,404,0,2267.82,19,Discover
810,05-04-25,1048,2056,402,3,524.72,64,Mastercard
811,05-04-25,1189,2062,403,0,1858.08,3,Visa
812,05-04-25,1131,2020,401,2,0,78,Discover
813,05-04-25,1181,2064,404,1,264.64,11,Discover
814,05-04-25,1199,2067,401,1,0,4,Discover
815,05-04-25,1049,2025,401,1,503.32,32,Discover
816,05-04-25,1008,2058,401,2,533.4,44,Mastercard
817,05-04-25,1180,2025,403,2,894.78,19,Visa
818,05-04-25,1118,2064,404,0,882.12,64,Mastercard
819,05-04-25,1174,2003,402,2,308.14,3,Visa
820,05-04-25,1125,2076,404,1,725.46,78,Mastercard
821,05-04-25,1121,2075,403,2,2498.05,11,Visa
822,05-04-25,1041,2033,401,2,669,33,Discover
823,05-04-25,1007,2049,401,1,845.86,22,Discover
824,05-04-25,1146,2099,402,1,581.69,65,Mastercard
825,05-04-25,1165,2028,402,2,1531.06,33,Visa
826,05-04-25,1166,2052,401,0,731.26,15,Discover
827,05-04-25,1121,2016,402,0,646.04,32,Mastercard
828,05-04-25,1057,2032,403,2,3782.4,44,Visa
829,05-04-25,1108,2048,403,3,357.63,19,Discover
830,05-04-25,1064,2027,404,2,413.78,64,Discover
831,05-04-25,1173,2066,404,0,2580.3,3,Discover
832,05-04-25,1001,2065,403,2,376.27,78,Discover
833,05-04-25,1076,2087,401,3,796.6,11,Mastercard
834,05-04-25,1016,2043,403,2,2795.04,11,Visa
835,05-04-25,1070,2033,403,1,752.62,32,Mastercard
836,05-04-25,1038,2066,402,0,1032.12,44,Visa
837,05-04-25,1153,2051,403,1,316.76,19,Mastercard
838,05-04-25,1184,2003,404,2,1848.86,64,Visa
839,05-04-25,1066,2053,404,3,0,3,Discover
840,05-04-25,1188,2004,402,2,2967.2,78,Discover
841,05-04-25,1185,2091,402,3,3623.16,11,Mastercard
842,05-04-25,1171,2045,403,1,280.93,33,Visa
843,05-04-25,1168,2071,402,2,1968.51,22,Discover
844,05-04-25,1024,2060,402,2,326.7,65,Mastercard
845,05-04-25,1185,2071,402,2,984.26,33,Visa
846,05-04-25,1167,2011,402,2,327.79,15,Discover
847,05-04-25,1057,2095,403,3,2453.95,32,Discover
848,05-04-25,1084,2047,403,2,803.95,44,Discover
849,05-04-25,1118,2015,404,0,4049.82,19,Discover
850,05-04-25,1162,2074,401,3,659.5,64,Mastercard
851,05-04-25,1049,2064,401,3,882.12,3,Visa
852,05-04-25,1135,2038,404,0,926.51,78,Mastercard
853,05-04-25,1038,2017,402,2,741.92,11,Visa
854,05-04-25,1104,2072,404,1,1134.81,4,Mastercard
855,05-04-25,1080,2091,402,0,2717.37,32,Visa
856,05-04-25,1124,2042,402,2,0,44,Discover
857,05-04-25,1162,2007,401,3,583.39,19,Discover
858,05-04-25,1070,2026,402,1,190.4,64,Mastercard
859,05-04-25,1125,2097,401,1,3031.56,3,Mastercard
860,05-04-25,1157,2055,404,3,53.94,78,Visa
861,05-04-25,1109,2061,404,0,799.68,11,Discover
862,05-04-25,1009,2068,402,2,0,33,Mastercard
863,05-04-25,1003,2041,402,0,2412.63,22,Visa
864,05-04-25,1173,2000,402,1,872.38,65,Discover
865,05-04-25,1177,2044,403,1,373.64,33,Discover
866,05-04-25,1026,2049,403,1,3383.42,15,Discover
867,05-04-25,1016,2005,403,2,686.05,32,Discover
868,05-04-25,1116,2093,403,3,755.94,44,Mastercard
869,05-04-25,1175,2017,403,3,463.7,19,Visa
870,05-04-25,1091,2096,402,1,1209.92,64,Mastercard
871,05-04-25,1103,2002,402,1,779.4,3,Visa
872,05-04-25,1186,2016,402,0,646.04,78,Mastercard
873,05-04-25,1150,2064,402,0,294.04,11,Visa
874,05-04-25,1093,2091,401,3,2717.37,11,Discover
875,05-04-25,1163,2032,401,0,0,32,Discover
876,05-04-25,1169,2013,401,0,935.36,44,Mastercard
877,05-04-25,1176,2014,404,3,1231.5,19,Visa
878,05-04-25,1097,2015,403,3,2699.88,64,Discover
879,05-04-25,1179,2019,402,0,1867.86,3,Mastercard
880,05-04-25,1077,2053,401,2,976.24,78,Visa
881,05-04-25,1159,2077,402,3,561.83,11,Discover
882,05-04-25,1026,2065,401,2,1881.36,33,Discover
883,05-04-25,1029,2013,404,1,0,22,Discover
884,05-04-25,1155,2025,403,1,503.32,65,Discover
885,05-04-25,1091,2090,404,2,171.94,33,Mastercard
886,05-04-25,1041,2005,404,1,385.9,15,Visa
887,05-04-25,1176,2061,403,1,359.86,32,Mastercard
888,05-04-25,1000,2001,401,0,1649.4,44,Visa
889,05-04-25,1146,2085,404,1,653.81,19,Mastercard
890,05-04-25,1023,2099,401,0,1292.64,64,Visa
891,05-04-25,1065,2082,402,3,266.6,3,Discover
892,05-04-25,1075,2033,404,0,2508.75,78,Discover
893,05-04-25,1025,2022,401,2,1073.89,11,Mastercard
894,05-04-25,1092,2086,403,3,894.1,4,Visa
895,05-04-25,1189,2014,401,0,0,32,Discover
896,05-04-25,1002,2017,402,2,0,44,Mastercard
897,05-04-25,1091,2056,403,0,1049.44,19,Visa
898,05-04-25,1095,2043,402,0,0,64,Discover
899,05-04-25,1102,2051,404,2,93.86,3,Discover
900,05-04-25,1098,2088,404,3,0,78,Discover
901,05-04-25,1166,2021,401,1,0,11,Discover
902,05-04-25,1178,2092,401,1,867.98,33,Mastercard
903,05-04-25,1026,2053,404,3,1830.45,22,Visa
904,05-04-25,1046,2078,404,2,454.43,65,Mastercard
905,05-04-25,1156,2003,402,3,1925.9,33,Visa
906,05-04-25,1124,2014,404,3,0,15,Mastercard
907,05-04-25,1011,2008,403,2,106.54,32,Visa
908,05-04-25,1003,2090,402,2,57.31,44,Discover
909,05-04-25,1132,2066,401,3,1548.18,19,Discover
910,05-04-25,1169,2093,402,3,755.94,64,Mastercard
911,05-04-25,1088,2084,404,1,0,3,Visa
912,05-04-25,1142,2078,401,0,568.04,78,Discover
913,05-04-25,1164,2020,404,3,1879.15,11,Mastercard
914,05-04-25,1042,2009,404,2,53.05,22,Visa
915,05-04-25,1061,2042,403,0,167.61,65,Discover
916,05-04-25,1129,2028,404,3,2551.76,33,Discover
917,05-04-25,1060,2010,404,3,544.88,15,Discover
918,05-04-25,1146,2057,401,3,436.98,32,Discover
919,05-04-25,1114,2040,401,3,34.54,44,Mastercard
920,05-04-25,1190,2083,401,0,2304.48,19,Visa
921,05-04-25,1103,2052,401,0,2193.78,64,Mastercard
922,05-04-25,1023,2077,403,1,505.65,3,Visa
923,05-04-25,1167,2085,404,2,387.44,78,Mastercard
924,05-04-25,1093,2006,402,3,594,11,Visa
925,05-04-25,1084,2071,404,2,492.13,4,Discover
926,05-04-25,1183,2057,401,0,873.96,32,Discover
927,05-04-25,1194,2084,402,0,563.7,44,Mastercard
928,05-04-25,1087,2045,403,2,499.42,19,Mastercard
929,05-04-25,1179,2013,401,1,1683.65,64,Visa
930,05-04-25,1126,2017,404,0,927.4,3,Discover
931,05-04-25,1065,2078,402,1,127.81,78,Mastercard
932,05-04-25,1030,2050,402,3,186.78,11,Visa
933,05-04-25,1005,2024,403,0,621.35,33,Discover
934,05-04-25,1193,2053,401,0,1830.45,22,Discover
935,05-04-25,1197,2057,404,1,1179.85,65,Discover
936,05-04-25,1127,2000,401,3,969.31,33,Discover
937,05-04-25,1149,2061,402,1,359.86,15,Mastercard
938,05-04-25,1187,2016,401,3,2584.16,32,Visa
939,05-04-25,1168,2076,403,3,2418.21,44,Mastercard
940,05-04-25,1107,2077,402,2,898.93,19,Visa
941,05-04-25,1101,2043,403,3,3493.8,64,Mastercard
942,05-04-25,1034,2017,404,2,0,3,Visa
943,05-04-25,1179,2070,403,1,61.52,78,Discover
944,05-04-25,1051,2026,403,2,338.5,11,Discover
945,05-04-25,1172,2016,402,2,516.83,11,Mastercard
946,05-04-25,1181,2014,403,3,246.3,32,Visa
947,05-04-25,1149,2073,404,2,799.09,44,Discover
948,05-04-25,1108,2001,401,0,412.35,19,Mastercard
949,05-04-25,1097,2018,401,0,1084.52,64,Visa
950,05-04-25,1051,2034,402,2,217.87,3,Discover
951,05-04-25,1174,2032,402,0,4728,78,Discover
952,05-04-25,1176,2037,402,0,720.28,11,Discover
953,05-04-25,1091,2057,401,1,786.56,33,Discover
954,05-04-25,1190,2082,404,1,239.94,22,Mastercard
955,05-04-25,1130,2089,403,0,413.52,65,Visa
956,05-04-25,1097,2049,404,2,0,33,Mastercard
957,05-04-25,1141,2006,401,2,0,15,Visa
958,05-04-25,1051,2079,404,1,1710.97,32,Mastercard
959,05-04-25,1162,2090,403,1,257.9,44,Visa
960,05-04-25,1198,2092,402,2,771.54,19,Discover
961,05-04-25,1114,2022,401,1,3020.31,64,Discover
962,05-04-25,1044,2094,401,3,493.35,3,Mastercard
963,05-04-25,1010,2054,403,2,720.41,78,Visa
964,05-04-25,1033,2020,403,0,751.66,11,Discover
965,05-04-25,1084,2059,402,0,0,4,Mastercard
966,05-04-25,1039,2041,401,2,0,32,Visa
967,05-04-25,1125,2073,403,0,1997.72,44,Discover
968,05-04-25,1005,2090,403,1,193.43,19,Discover
969,05-04-25,1047,2066,401,1,464.45,64,Discover
970,05-04-25,1106,2069,404,0,464.78,3,Discover
971,05-04-25,1089,2028,402,2,0,78,Mastercard
972,05-04-25,1084,2046,403,1,0,11,Visa
973,05-04-25,1192,2079,404,0,950.54,33,Mastercard
974,05-04-25,1029,2085,403,3,726.45,22,Visa
975,05-04-25,1061,2082,402,0,533.2,65,Mastercard
976,05-04-25,1174,2041,404,0,804.21,33,Visa
977,05-04-25,1098,2032,403,0,0,15,Discover
978,05-04-25,1132,2098,403,3,3631.44,32,Discover
979,05-04-25,1124,2005,403,1,1157.71,44,Mastercard
980,05-04-25,1082,2065,401,0,1411.02,19,Visa
981,05-04-25,1042,2098,401,0,4539.3,64,Discover
982,05-04-25,1053,2085,402,3,726.45,3,Mastercard
983,05-04-25,1026,2026,404,0,423.12,78,Visa
984,05-04-25,1191,2087,402,0,477.96,11,Discover
985,05-04-25,1117,2091,403,0,1811.58,22,Discover
986,05-04-25,1022,2009,401,1,119.36,65,Discover
987,05-04-25,1064,2071,401,1,1107.29,33,Discover
988,05-04-25,1066,2052,404,3,5118.82,15,Mastercard
989,05-04-25,1161,2051,404,2,375.42,32,Visa
990,05-04-25,1004,2049,401,0,939.84,44,Mastercard
991,05-04-25,1164,2092,401,0,2893.26,19,Visa
992,05-04-25,1179,2009,403,0,66.31,64,Mastercard
993,05-04-25,1074,2087,403,0,477.96,3,Visa
994,05-04-25,1072,2097,404,3,842.1,78,Discover
995,05-04-25,1101,2084,401,3,1127.4,11,Discover
996,05-04-25,1040,2068,402,1,2952.86,4,Mastercard
997,05-04-25,1191,2050,403,1,504.31,32,Mastercard
998,05-04-25,1076,2086,403,0,2682.3,44,Visa
999,05-04-25,1141,2071,402,0,1230.32,19,Discover
1000,05-04-25,1010,2000,404,0,3877.24,64,Mastercard
1001,05-04-25,1078,2026,403,1,761.62,3,Visa
1002,05-04-25,1105,2082,402,1,239.94,78,Discover
1003,05-04-25,1047,2028,403,1,1148.29,11,Discover
1004,05-04-25,1029,2023,401,3,2818.62,33,Discover
1005,05-04-25,1165,2070,401,2,54.69,22,Discover
1006,05-04-25,1171,2008,403,0,133.18,65,Mastercard
1007,05-04-25,1050,2092,404,2,771.54,33,Visa
1008,05-04-25,1091,2016,402,0,1292.08,15,Mastercard
1009,05-04-25,1072,2079,401,1,855.49,32,Visa
1010,05-04-25,1081,2062,404,2,495.49,44,Mastercard
1011,05-04-25,1157,2084,403,1,253.67,19,Visa
1012,05-04-25,1144,2072,403,2,672.48,64,Discover
1013,05-04-25,1109,2021,401,2,668.33,3,Discover
1014,05-04-25,1063,2028,404,2,510.35,78,Mastercard
1015,05-04-25,1092,2017,403,3,1854.8,11,Visa
1016,05-04-25,1118,2057,403,2,699.17,11,Discover
1017,05-04-25,1124,2070,401,1,30.76,32,Mastercard
1018,05-04-25,1165,2077,401,2,449.46,44,Visa
1019,05-04-25,1035,2068,402,2,1968.58,19,Discover
1020,05-04-25,1187,2080,401,0,0,64,Discover
1021,05-04-25,1004,2064,401,3,882.12,3,Discover
1022,05-04-25,1196,2075,402,0,2341.92,78,Discover
1023,05-04-25,1141,2033,404,1,0,11,Mastercard
1024,05-04-25,1093,2050,402,2,448.27,33,Visa
1025,05-04-25,1034,2059,401,3,1536.15,22,Mastercard
1026,05-04-25,1093,2064,401,1,793.91,65,Visa
1027,05-04-25,1157,2087,402,1,286.78,33,Mastercard
1028,05-04-25,1114,2020,402,1,676.49,15,Visa
1029,05-04-25,1188,2093,404,2,1814.26,32,Discover
1030,05-04-25,1010,2028,404,1,1148.29,44,Discover
1031,05-04-25,1016,2033,403,1,2257.88,19,Mastercard
1032,05-04-25,1010,2085,402,2,387.44,64,Visa
1033,05-04-25,1099,2060,404,0,0,3,Discover
1034,05-04-25,1010,2083,403,0,768.16,78,Mastercard
1035,05-04-25,1180,2066,403,2,1238.54,11,Visa
1036,05-04-25,1148,2069,402,3,697.17,4,Discover
1037,05-04-25,1167,2048,403,0,1072.89,32,Discover
1038,05-04-25,1132,2032,404,1,851.04,44,Discover
1039,05-04-25,1132,2051,403,2,187.71,19,Discover
1040,05-04-25,1124,2061,401,1,0,64,Mastercard
1041,05-04-25,1112,2021,402,0,835.41,3,Visa
1042,05-04-25,1131,2082,403,1,239.94,78,Mastercard
1043,05-04-25,1038,2023,402,2,0,11,Visa
1044,05-04-25,1154,2091,401,1,3260.84,33,Mastercard
1045,05-04-25,1106,2042,401,3,1173.27,22,Visa
1046,05-04-25,1172,2061,404,1,719.71,65,Discover
1047,05-04-25,1151,2020,404,0,1127.49,33,Discover
1048,05-04-25,1062,2005,402,1,385.9,15,Mastercard
1049,05-04-25,1034,2080,401,1,2996.14,32,Visa
1050,05-04-25,1014,2021,403,1,1503.74,44,Discover
1051,05-04-25,1132,2051,401,2,281.57,19,Mastercard
1052,05-04-25,1021,2027,404,3,775.83,64,Visa
1053,05-04-25,1123,2021,402,3,0,3,Discover
1054,05-04-25,1153,2018,402,2,867.62,78,Discover
1055,05-04-25,1042,2092,403,3,1446.63,11,Discover
1056,05-04-25,1152,2075,401,1,2107.73,22,Discover
1057,05-04-25,1096,2049,402,0,939.84,65,Mastercard
1058,05-04-25,1004,2025,404,1,0,33,Visa
1059,05-04-25,1155,2012,402,3,623.19,15,Mastercard
1060,05-04-25,1157,2076,401,0,2418.21,32,Visa
1061,05-04-25,1023,2061,402,0,199.92,44,Mastercard
1062,05-04-25,1198,2086,404,3,894.1,19,Visa
1063,05-04-25,1094,2005,404,1,771.8,64,Discover
1064,05-04-25,1123,2098,404,2,3631.44,3,Discover
1065,05-04-25,1150,2094,401,3,2466.75,78,Mastercard
1066,05-04-25,1034,2032,404,1,1702.08,11,Mastercard
1067,05-04-25,1021,2036,404,2,348.77,4,Visa
1068,05-04-25,1048,2000,401,0,4846.55,32,Discover
1069,05-04-25,1133,2000,404,1,872.38,44,Mastercard
1070,05-04-25,1176,2040,404,2,55.26,19,Visa
1071,05-04-25,1027,2019,404,2,747.14,64,Discover
1072,05-04-25,1066,2068,404,2,1968.58,3,Discover
1073,05-04-25,1156,2035,404,1,0,78,Discover
1074,05-04-25,1105,2070,404,1,0,11,Discover
1075,05-04-25,1094,2071,404,2,984.26,33,Mastercard
1076,05-04-25,1078,2073,403,3,499.43,22,Visa
1077,05-04-25,1188,2017,401,1,417.33,65,Mastercard
1078,05-04-25,1114,2089,402,0,827.04,33,Visa
1079,05-04-25,1054,2065,404,2,376.27,15,Mastercard
1080,05-04-25,1140,2078,401,1,255.62,32,Visa
1081,05-04-25,1099,2081,401,0,1492.44,44,Discover
1082,05-04-25,1037,2060,404,0,1225.14,19,Discover
1083,05-04-25,1016,2033,402,2,2007,64,Mastercard
1084,05-04-25,1020,2077,401,3,561.83,3,Visa
1085,05-04-25,1102,2078,403,0,142.01,78,Discover
1086,05-04-25,1198,2022,404,3,671.18,11,Mastercard
1087,05-04-25,1002,2025,403,1,503.32,11,Visa
1088,05-04-25,1008,2076,402,1,1450.93,32,Discover
1089,05-04-25,1172,2004,403,1,834.52,44,Discover
1090,05-04-25,1167,2000,402,0,969.31,19,Discover
1091,05-04-25,1070,2099,404,2,1551.17,64,Discover
1092,05-04-25,1171,2050,404,1,168.1,3,Mastercard
1093,05-04-25,1132,2001,401,0,2061.75,78,Visa
1094,05-04-25,1140,2036,403,2,348.77,11,Mastercard
1095,05-04-25,1070,2028,402,3,2551.76,33,Visa
1096,05-04-25,1103,2073,401,2,0,22,Mastercard
1097,05-04-25,1044,2052,401,0,2193.78,65,Visa
1098,05-04-25,1128,2037,403,0,0,33,Discover
1099,05-04-25,1131,2032,403,3,4728,15,Discover
1100,05-04-25,1096,2072,404,1,378.27,32,Mastercard
1101,05-04-25,1193,2043,404,3,2620.35,44,Visa
1102,05-04-25,1150,2003,404,0,1155.54,19,Discover
1103,05-04-25,1066,2008,404,1,59.93,64,Mastercard
1104,05-04-25,1173,2089,402,2,0,3,Visa
1105,05-04-25,1105,2045,401,2,499.42,78,Discover
1106,05-04-25,1063,2036,401,3,653.94,11,Discover
1107,05-04-25,1172,2095,403,0,981.58,4,Discover
1108,05-04-25,1141,2022,404,2,0,32,Discover
1109,05-04-25,1090,2027,403,1,698.25,44,Mastercard
1110,05-04-25,1191,2087,402,3,955.92,19,Visa
1111,05-04-25,1188,2025,402,1,251.66,64,Mastercard
1112,05-04-25,1067,2026,402,1,380.81,3,Visa
1113,05-04-25,1063,2079,403,1,1710.97,78,Mastercard
1114,05-04-25,1199,2013,401,0,5612.16,11,Visa
1115,05-04-25,1173,2084,404,0,281.85,33,Discover
1116,05-04-25,1195,2069,401,3,697.17,22,Discover
1117,05-04-25,1095,2079,403,3,950.54,65,Mastercard
1118,05-04-25,1147,2035,404,1,809.99,33,Visa
1119,05-04-25,1195,2065,403,3,1411.02,15,Discover
1120,05-04-25,1056,2096,402,0,0,32,Mastercard
1121,05-04-25,1134,2054,404,0,3602.04,44,Visa
1122,05-04-25,1128,2044,404,1,373.64,19,Discover
1123,05-04-25,1117,2015,404,2,1619.93,64,Discover
1124,05-04-25,1176,2001,401,1,371.12,3,Discover
1125,05-04-25,1097,2074,401,2,527.6,78,Discover
1126,05-04-25,1092,2078,403,1,383.43,11,Mastercard
1127,05-04-25,1140,2033,402,2,1338,22,Visa
1128,05-04-25,1120,2078,403,2,227.22,65,Mastercard
1129,05-04-25,1047,2063,404,1,0,33,Visa
1130,05-04-25,1107,2089,403,2,330.82,15,Mastercard
1131,05-04-25,1102,2035,404,1,1619.98,32,Visa
1132,05-04-25,1146,2016,402,0,0,44,Discover
1133,05-04-25,1184,2034,402,3,680.85,19,Discover
1134,05-04-25,1097,2025,402,1,1258.29,64,Mastercard
1135,05-04-25,1121,2001,402,3,0,3,Mastercard
1136,05-04-25,1127,2017,403,3,0,78,Visa
1137,05-04-25,1076,2032,401,3,6619.2,11,Discover
1138,05-04-25,1025,2088,402,0,0,4,Mastercard
1139,05-04-25,1055,2032,404,0,945.6,32,Visa
1140,05-04-25,1115,2095,403,2,0,44,Discover
1141,05-04-25,1092,2046,403,2,80.23,19,Discover
1142,05-04-25,1005,2052,401,2,1170.02,64,Discover
1143,05-04-25,1173,2077,402,1,1516.94,3,Discover
1144,05-04-25,1199,2036,403,2,871.92,78,Mastercard
1145,05-04-25,1172,2065,404,3,2822.04,11,Visa
1146,05-04-25,1020,2048,403,3,1072.89,33,Mastercard
1147,05-04-25,1161,2018,402,2,1301.42,22,Visa
1148,05-04-25,1107,2080,404,0,4993.56,65,Mastercard
1149,05-04-25,1020,2020,403,1,1014.74,33,Visa
1150,05-04-25,1080,2040,403,2,55.26,15,Discover
1151,05-04-25,1154,2082,404,2,639.84,32,Discover
1152,05-04-25,1113,2099,403,3,646.32,44,Mastercard
1153,05-04-25,1105,2021,402,0,835.41,19,Visa
1154,05-04-25,1032,2093,402,2,2419.01,64,Discover
1155,05-04-25,1190,2089,401,1,0,3,Mastercard
1156,05-04-25,1042,2050,401,0,1120.68,78,Visa
1157,05-04-25,1016,2060,401,0,816.76,11,Discover
1158,05-04-25,1197,2050,401,0,560.34,11,Discover
1159,05-04-25,1067,2079,402,0,1901.08,32,Discover
1160,05-04-25,1167,2049,403,1,0,44,Discover
1161,05-04-25,1063,2094,403,3,493.35,19,Mastercard
1162,05-04-25,1160,2016,402,1,1162.87,64,Visa
1163,05-04-25,1007,2004,403,2,2225.4,3,Mastercard
1164,05-04-25,1121,2059,403,3,2048.2,78,Visa
1165,05-04-25,1034,2089,402,3,2481.12,11,Mastercard
1166,05-04-25,1161,2095,404,2,392.63,33,Visa
1167,05-04-25,1088,2061,402,0,799.68,22,Discover
1168,05-04-25,1113,2039,403,3,976.44,65,Discover
1169,05-04-25,1066,2019,403,0,933.93,33,Mastercard
1170,05-04-25,1000,2066,402,2,412.85,15,Visa
1171,05-04-25,1073,2060,401,3,0,32,Discover
1172,05-04-25,1193,2061,403,0,199.92,44,Mastercard
1173,05-04-25,1196,2055,403,1,194.18,19,Visa
1174,05-04-25,1001,2070,403,1,61.52,64,Discover
1175,05-04-25,1105,2071,404,3,615.16,3,Discover
1176,05-04-25,1063,2020,404,3,375.83,78,Discover
1177,05-04-25,1056,2033,401,3,836.25,11,Discover
1178,05-04-25,1160,2030,403,2,271.95,4,Mastercard
1179,05-04-25,1166,2095,403,3,1472.37,32,Visa
1180,05-04-25,1048,2008,402,1,0,44,Mastercard
1181,05-04-25,1074,2014,404,3,738.9,19,Visa
1182,05-04-25,1069,2089,404,1,372.17,64,Mastercard
1183,05-04-25,1082,2002,402,0,1732,3,Visa
1184,05-04-25,1136,2002,402,0,1732,78,Discover
1185,05-04-25,1072,2034,402,3,0,11,Discover
1186,05-04-25,1186,2001,402,0,824.7,33,Mastercard
1187,05-04-25,1038,2001,404,1,0,22,Visa
1188,05-04-25,1087,2053,403,3,2440.6,65,Discover
1189,05-04-25,1095,2059,401,2,1638.56,33,Mastercard
1190,05-04-25,1020,2096,402,0,2688.72,15,Visa
1191,05-04-25,1068,2099,404,0,1938.96,32,Discover
1192,05-04-25,1139,2060,402,1,1102.63,44,Discover
1193,05-04-25,1064,2048,401,0,715.26,19,Discover
1194,05-04-25,1196,2091,402,3,0,64,Discover
1195,05-04-25,1197,2056,402,0,1049.44,3,Mastercard
1196,05-04-25,1050,2058,401,1,1800.22,78,Visa
1197,05-04-25,1121,2049,403,2,751.87,11,Mastercard
1198,05-04-25,1040,2080,401,0,1664.52,22,Visa
1199,05-04-25,1064,2061,403,1,179.93,65,Mastercard
1200,05-04-25,1092,2006,402,0,198,33,Visa
1201,05-04-25,1060,2081,404,2,1193.95,15,Discover
1202,05-04-25,1003,2021,403,0,2506.23,32,Discover
1203,05-04-25,1101,2031,401,0,1130.6,44,Mastercard
1204,05-04-25,1148,2088,404,1,0,19,Mastercard
1205,05-04-25,1095,2098,401,1,2451.22,64,Visa
1206,05-04-25,1040,2063,401,2,883.94,3,Discover
1207,05-04-25,1194,2080,401,0,1664.52,78,Mastercard
1208,05-04-25,1091,2082,402,0,0,11,Visa
1209,05-04-25,1032,2062,402,2,1981.95,4,Discover
1210,05-04-25,1142,2082,403,3,799.8,32,Discover
1211,05-04-25,1187,2024,401,3,372.81,44,Discover
1212,05-04-25,1091,2092,402,2,385.77,19,Discover
1213,05-04-25,1010,2062,404,2,990.98,64,Mastercard
1214,05-04-25,1138,2089,404,1,744.34,3,Visa
1215,05-04-25,1145,2023,403,2,1503.26,78,Mastercard
1216,05-04-25,1187,2059,403,1,1843.38,11,Visa
1217,05-04-25,1017,2067,402,3,0,33,Mastercard
1218,05-04-25,1075,2033,403,3,836.25,22,Visa
1219,05-04-25,1000,2099,404,1,2326.75,65,Discover
1220,05-04-25,1004,2079,403,1,0,33,Discover
1221,05-04-25,1082,2092,401,3,0,15,Mastercard
1222,05-04-25,1048,2067,404,1,785.56,32,Visa
1223,05-04-25,1156,2036,403,3,0,44,Discover
1224,05-04-25,1164,2041,401,0,804.21,19,Mastercard
1225,05-04-25,1133,2084,401,0,0,64,Visa
1226,05-04-25,1033,2022,401,1,604.06,3,Discover
1227,05-04-25,1027,2062,402,0,1238.72,78,Discover
1228,05-04-25,1008,2073,404,3,1498.29,11,Discover
1229,05-04-25,1134,2079,403,0,950.54,11,Discover
1230,05-04-25,1093,2028,401,0,1275.88,32,Mastercard
1231,05-04-25,1053,2083,404,0,2304.48,44,Visa
1232,05-04-25,1119,2081,401,2,0,19,Mastercard
1233,05-04-25,1142,2095,404,2,1177.9,64,Visa
1234,05-04-25,1181,2007,403,0,583.39,3,Mastercard
1235,05-04-25,1187,2009,403,0,265.24,78,Visa
1236,05-04-25,1055,2066,401,0,2580.3,11,Discover
1237,05-04-25,1185,2029,404,1,12.16,33,Discover
1238,05-04-25,1049,2067,402,1,261.86,22,Mastercard
1239,05-04-25,1142,2095,404,0,1963.16,65,Visa
1240,05-04-25,1196,2081,403,3,746.22,33,Discover
1241,05-04-25,1179,2085,404,0,242.15,15,Mastercard
1242,05-04-25,1042,2023,404,2,2254.9,32,Visa
1243,05-04-25,1168,2020,404,2,601.33,44,Discover
1244,05-04-25,1080,2070,403,2,0,19,Discover
1245,05-04-25,1105,2097,404,2,673.68,64,Discover
1246,05-04-25,1155,2030,402,3,509.91,3,Discover
1247,05-04-25,1196,2070,403,2,27.34,78,Mastercard
1248,05-04-25,1115,2057,404,0,1747.92,11,Visa
1249,05-04-25,1185,2004,403,0,2781.75,4,Mastercard
1250,05-04-25,1132,2017,403,0,0,32,Visa
1251,05-04-25,1076,2028,402,2,1020.7,44,Mastercard
1252,05-04-25,1005,2098,403,1,3268.3,19,Visa
1253,05-04-25,1024,2004,404,2,1483.6,64,Discover
1254,05-04-25,1039,2017,403,2,370.96,3,Discover
1255,05-04-25,1149,2031,402,2,904.48,78,Mastercard
1256,05-04-25,1076,2011,404,1,737.53,11,Visa
1257,05-04-25,1187,2009,403,3,198.93,33,Discover
1258,05-04-25,1044,2062,401,2,495.49,22,Mastercard
1259,05-04-25,1009,2093,404,0,0,65,Visa
1260,05-04-25,1199,2007,403,2,1400.14,33,Discover
1261,05-04-25,1111,2053,401,1,3294.81,15,Discover
1262,05-04-25,1191,2083,401,3,768.16,32,Discover
1263,05-04-25,1013,2039,401,2,1562.3,44,Discover
1264,05-04-25,1138,2072,402,2,672.48,19,Mastercard
1265,05-04-25,1128,2089,402,1,744.34,64,Visa
1266,05-04-25,1012,2086,404,3,2682.3,3,Mastercard
1267,05-04-25,1192,2076,401,1,1450.93,78,Visa
1268,05-04-25,1110,2037,404,1,324.13,69,Mastercard
1269,05-04-25,1033,2043,401,3,4367.25,11,Visa
1270,05-04-25,1146,2095,401,3,1963.16,22,Discover
1271,05-04-25,1067,2010,404,3,0,65,Discover
1272,05-04-25,1198,2089,402,1,744.34,33,Mastercard
1273,05-04-25,1123,2071,402,3,1845.48,15,Mastercard
1274,05-04-25,1101,2083,402,1,2074.03,32,Visa
1275,05-04-25,1062,2009,403,3,66.31,44,Discover
1276,05-04-25,1082,2087,401,0,318.64,19,Mastercard
1277,05-04-25,1171,2052,404,2,0,64,Visa
1278,05-04-25,1089,2024,403,2,298.25,3,Discover
1279,05-04-25,1152,2083,401,2,1843.58,78,Discover
1280,05-04-25,1043,2044,404,1,373.64,11,Discover
1281,05-04-25,1112,2005,402,1,0,4,Discover
1282,05-04-25,1175,2047,402,0,1004.94,32,Mastercard
1283,05-04-25,1028,2094,401,1,888.03,44,Visa
1284,05-04-25,1158,2018,403,0,2169.04,19,Mastercard
1285,05-04-25,1087,2088,401,2,567.48,64,Visa
1286,05-04-25,1115,2060,401,2,980.11,3,Mastercard
1287,05-04-25,1053,2094,402,1,888.03,78,Visa
1288,05-04-25,1139,2066,403,3,2580.3,11,Discover
1289,05-04-25,1159,2093,402,0,0,33,Discover
1290,05-04-25,1096,2074,401,2,1055.2,22,Mastercard
1291,05-04-25,1043,2007,403,1,525.05,65,Visa
1292,05-04-25,1178,2079,403,0,950.54,33,Discover
1293,05-04-25,1119,2083,401,0,768.16,15,Mastercard
1294,05-04-25,1099,2084,403,2,0,32,Visa
1295,05-04-25,1027,2002,403,3,866,44,Discover
1296,05-04-25,1059,2048,401,2,572.21,19,Discover
1297,05-04-25,1124,2076,401,1,2176.39,64,Discover
1298,05-04-25,1050,2064,404,0,1470.2,3,Discover
1299,05-04-25,1010,2031,403,2,1356.72,78,Mastercard
1300,05-04-25,1125,2050,402,0,373.56,11,Visa
1301,05-04-25,1088,2087,403,2,509.82,11,Mastercard
1302,05-04-25,1160,2038,402,2,2223.62,32,Visa
1303,05-04-25,1015,2080,403,3,2496.78,44,Mastercard
1304,05-04-25,1007,2071,403,1,553.64,19,Visa
1305,05-04-25,1038,2043,404,1,786.1,64,Discover
1306,05-04-25,1022,2093,404,1,2721.38,3,Discover
1307,05-04-25,1106,2030,402,3,1019.82,78,Mastercard
1308,05-04-25,1079,2077,403,3,561.83,11,Visa
1309,05-04-25,1138,2016,402,1,872.15,33,Discover
1310,05-04-25,1148,2069,402,1,418.3,22,Mastercard
1311,05-04-25,1079,2088,402,3,709.35,65,Visa
1312,05-04-25,1197,2018,402,2,867.62,33,Discover
1313,05-04-25,1017,2071,401,1,553.64,15,Discover
1314,05-04-25,1081,2018,401,2,867.62,32,Discover
1315,05-04-25,1105,2052,403,3,731.26,44,Discover
1316,05-04-25,1190,2081,403,1,0,19,Mastercard
1317,05-04-25,1199,2024,401,1,223.69,64,Visa
1318,05-04-25,1047,2003,403,1,346.66,3,Mastercard
1319,05-04-25,1152,2029,402,0,27.02,78,Visa
1320,05-04-25,1091,2010,404,1,210.17,11,Mastercard
1321,05-04-25,1128,2077,404,2,0,4,Visa
1322,05-04-25,1047,2049,404,3,0,32,Discover
1323,05-04-25,1035,2020,402,1,676.49,44,Discover
1324,05-04-25,1008,2052,401,2,585.01,19,Mastercard
1325,05-04-25,1105,2028,402,1,1148.29,64,Visa
1326,05-04-25,1016,2022,404,3,2684.72,3,Discover
1327,05-04-25,1176,2041,404,1,1447.58,78,Mastercard
1328,05-04-25,1109,2051,401,3,469.28,11,Visa
1329,05-04-25,1184,2040,404,0,103.62,33,Discover
1330,05-04-25,1133,2013,404,3,3741.44,22,Discover
1331,05-04-25,1010,2031,404,0,1130.6,65,Discover
1332,05-04-25,1142,2049,401,1,0,33,Discover
1333,05-04-25,1074,2056,404,2,839.55,15,Mastercard
1334,05-04-25,1198,2036,404,1,392.36,32,Visa
1335,05-04-25,1108,2037,401,1,648.25,44,Mastercard
1336,05-04-25,1118,2082,404,0,799.8,19,Visa
1337,05-04-25,1184,2064,401,1,264.64,64,Mastercard
1338,05-04-25,1199,2074,402,3,1978.5,3,Visa
1339,05-04-25,1105,2041,404,0,0,78,Discover
1340,05-04-25,1045,2058,402,3,0,11,Discover
1341,05-04-25,1023,2032,403,1,1702.08,22,Mastercard
1342,05-04-25,1183,2093,401,0,2267.82,65,Mastercard
1343,05-04-25,1029,2090,404,2,57.31,33,Visa
1344,05-04-25,1021,2067,404,1,261.86,15,Discover
1345,05-04-25,1096,2070,404,0,136.72,32,Mastercard
1346,05-04-25,1196,2021,403,1,751.87,44,Visa
1347,05-04-25,1041,2018,402,0,1084.52,19,Discover
1348,05-04-25,1107,2039,403,3,0,64,Discover
1349,05-04-25,1073,2080,402,0,3329.04,3,Discover
1350,05-04-25,1033,2025,401,2,671.09,78,Discover
1351,05-04-25,1003,2058,404,3,2000.25,11,Mastercard
1352,05-04-25,1139,2000,404,1,1744.76,4,Visa
1353,05-04-25,1055,2075,404,3,3122.56,32,Mastercard
1354,05-04-25,1104,2056,401,0,1574.16,44,Visa
1355,05-04-25,1062,2070,403,1,30.76,19,Mastercard
1356,05-04-25,1012,2023,402,0,2818.62,64,Visa
1357,05-04-25,1167,2044,401,1,560.47,3,Discover
1358,05-04-25,1008,2085,403,2,0,78,Discover
1359,05-04-25,1022,2006,401,3,990,11,Mastercard
1360,05-04-25,1045,2020,403,1,1352.99,33,Visa
1361,05-04-25,1116,2095,403,0,981.58,22,Discover
1362,05-04-25,1023,2098,403,2,1452.58,65,Mastercard
1363,05-04-25,1094,2048,401,3,1072.89,33,Visa
1364,05-04-25,1140,2008,403,3,0,15,Discover
1365,05-04-25,1034,2015,403,2,1079.95,32,Discover
1366,05-04-25,1134,2052,402,1,1316.27,44,Discover
1367,05-04-25,1156,2007,401,0,1750.17,19,Discover
1368,05-04-25,1123,2092,403,3,0,64,Mastercard
1369,05-04-25,1155,2040,403,2,27.63,3,Visa
1370,05-04-25,1033,2078,404,3,568.04,78,Mastercard
1371,05-04-25,1126,2023,402,2,2254.9,11,Visa
1372,05-04-25,1049,2000,401,0,3877.24,11,Mastercard
1373,05-04-25,1119,2080,401,1,0,32,Visa
1374,05-04-25,1157,2053,404,0,1830.45,44,Discover
1375,05-04-25,1085,2044,402,0,207.58,19,Discover
1376,05-04-25,1163,2025,403,2,447.39,64,Mastercard
1377,05-04-25,1017,2039,403,2,3905.76,3,Visa
1378,05-04-25,1196,2000,401,2,0,78,Discover
1379,05-04-25,1087,2050,401,1,168.1,11,Mastercard
1380,05-04-25,1049,2042,403,3,670.44,33,Visa
1381,05-04-25,1121,2004,402,3,3709,22,Discover
1382,05-04-25,1039,2080,404,2,665.81,65,Discover
1383,05-04-25,1118,2052,401,2,0,33,Discover
1384,05-04-25,1144,2092,403,0,1446.63,15,Discover
1385,05-04-25,1053,2073,403,2,1198.63,32,Mastercard
1386,05-04-25,1016,2019,403,0,0,44,Visa
1387,05-04-25,1086,2048,402,3,1072.89,19,Mastercard
1388,05-04-25,1047,2076,401,2,0,64,Visa
1389,05-04-25,1180,2040,401,2,110.53,3,Mastercard
1390,05-04-25,1105,2011,404,1,0,78,Visa
1391,05-04-25,1095,2057,403,1,786.56,11,Discover
1392,05-04-25,1134,2038,402,0,926.51,4,Discover
1393,05-04-25,1095,2004,402,0,0,32,Mastercard
1394,05-04-25,1113,2064,401,3,294.04,44,Visa
1395,05-04-25,1128,2019,402,2,1494.29,19,Discover
1396,05-04-25,1123,2093,403,2,3023.76,64,Mastercard
1397,05-04-25,1036,2098,401,1,817.07,3,Visa
1398,05-04-25,1052,2092,401,3,1928.84,78,Discover
1399,05-04-25,1099,2091,401,0,905.79,11,Discover
1400,05-04-25,1079,2005,401,2,1715.12,33,Discover
1401,05-04-25,1119,2005,401,2,686.05,22,Discover
1402,05-04-25,1005,2073,403,1,0,65,Mastercard
1403,05-04-25,1082,2025,402,2,223.7,33,Visa
1404,05-04-25,1070,2068,403,3,2460.72,15,Mastercard
1405,05-04-25,1171,2015,403,1,0,32,Visa
1406,05-04-25,1040,2035,401,0,899.99,44,Mastercard
1407,05-04-25,1159,2071,401,1,1660.93,19,Visa
1408,05-04-25,1138,2044,403,2,0,64,Discover
1409,05-04-25,1036,2090,403,1,0,3,Discover
1410,05-04-25,1043,2009,403,2,106.1,78,Mastercard
1411,05-04-25,1138,2056,401,1,944.5,11,Mastercard
1412,05-04-25,1007,2060,401,0,816.76,22,Visa
1413,05-04-25,1098,2006,401,3,990,65,Discover
1414,05-04-25,1100,2022,404,2,1610.83,33,Mastercard
1415,05-04-25,1079,2042,402,0,167.61,15,Visa
1416,05-04-25,1193,2097,404,1,2273.67,32,Discover
1417,05-04-25,1023,2089,404,0,413.52,44,Discover
1418,05-04-25,1116,2039,404,3,3905.76,19,Discover
1419,05-04-25,1059,2028,402,2,1531.06,64,Discover
1420,05-04-25,1093,2050,402,2,298.85,3,Mastercard
1421,05-04-25,1083,2058,404,0,2000.25,78,Visa
1422,05-04-25,1016,2060,401,2,653.41,11,Mastercard
1423,05-04-25,1122,2059,402,2,1228.92,4,Visa
1424,05-04-25,1196,2044,402,0,207.58,32,Mastercard
1425,05-04-25,1103,2091,401,2,2173.9,44,Visa
1426,05-04-25,1142,2083,401,2,1229.06,19,Discover
1427,05-04-25,1136,2059,404,3,2560.25,64,Discover
1428,05-04-25,1061,2079,402,1,2566.46,3,Mastercard
1429,05-04-25,1123,2049,401,2,751.87,78,Visa
1430,05-04-25,1053,2088,404,3,709.35,11,Discover
1431,05-04-25,1145,2043,402,1,1572.21,33,Mastercard
1432,05-04-25,1169,2085,401,3,1210.75,22,Visa
1433,05-04-25,1029,2075,404,2,1249.02,65,Discover
1434,05-04-25,1142,2012,404,1,1682.61,33,Discover
1435,05-04-25,1078,2051,401,0,117.32,15,Discover
1436,05-04-25,1175,2076,404,2,1289.71,32,Discover
1437,05-04-25,1126,2082,401,0,1066.4,44,Mastercard
1438,05-04-25,1055,2017,401,1,1669.32,19,Visa
1439,05-04-25,1169,2019,404,2,747.14,64,Mastercard
1440,05-04-25,1099,2078,404,1,383.43,3,Visa
1441,05-04-25,1052,2087,403,2,0,78,Mastercard
1442,05-04-25,1145,2086,403,3,2682.3,11,Visa
1443,05-04-25,1183,2044,401,0,1037.9,11,Discover
1444,05-04-25,1156,2065,404,1,423.31,32,Discover
1445,05-04-25,1075,2007,403,0,1166.78,44,Mastercard
1446,05-04-25,1000,2090,403,0,143.28,19,Visa
1447,05-04-25,1072,2003,402,3,0,64,Discover
1448,05-04-25,1179,2075,404,2,1873.54,3,Mastercard
1449,05-04-25,1182,2048,404,3,357.63,78,Visa
1450,05-04-25,1111,2069,402,1,836.6,11,Discover
1451,05-04-25,1121,2017,402,3,2782.2,33,Discover
1452,05-04-25,1092,2053,402,2,1464.36,22,Discover
1453,05-04-25,1171,2016,402,0,646.04,65,Discover
1454,05-04-25,1018,2082,401,1,0,33,Mastercard
1455,05-04-25,1184,2062,404,1,1672.27,15,Visa
1456,05-04-25,1021,2017,404,3,463.7,32,Mastercard
1457,05-04-25,1178,2077,404,1,505.65,44,Visa
1458,05-04-25,1116,2065,404,3,470.34,19,Mastercard
1459,05-04-25,1098,2045,402,1,280.93,64,Visa
1460,05-04-25,1108,2077,401,3,1685.49,3,Discover
1461,05-04-25,1187,2030,403,3,509.91,78,Discover
1462,05-04-25,1139,2073,403,0,499.43,11,Mastercard
1463,05-04-25,1009,2072,404,2,0,4,Visa
1464,05-04-25,1028,2074,404,0,3297.5,32,Discover
1465,05-04-25,1036,2093,403,3,0,44,Mastercard
1466,05-04-25,1132,2010,401,1,0,19,Visa
1467,05-04-25,1120,2080,401,2,665.81,64,Discover
1468,05-04-25,1156,2006,403,0,198,3,Discover
1469,05-04-25,1120,2058,404,2,1600.2,78,Discover
1470,05-04-25,1107,2045,403,2,249.71,11,Discover
1471,05-04-25,1042,2004,403,2,0,33,Mastercard
1472,05-04-25,1015,2080,404,1,749.03,22,Visa
1473,05-04-25,1146,2006,403,0,792,65,Mastercard
1474,05-04-25,1073,2062,401,1,1114.85,33,Visa
1475,05-04-25,1129,2009,403,2,0,15,Mastercard
1476,05-04-25,1033,2078,403,2,340.82,32,Visa
1477,05-04-25,1065,2001,401,1,371.12,44,Discover
1478,05-04-25,1151,2094,402,3,493.35,19,Discover
1479,05-04-25,1094,2022,403,1,0,64,Mastercard
1480,05-04-25,1124,2023,401,2,2254.9,3,Mastercard
1481,05-04-25,1021,2018,402,3,542.26,78,Visa
1482,05-04-25,1192,2052,404,1,0,11,Discover
1483,05-04-25,1169,2056,402,1,944.5,22,Mastercard
1484,05-04-25,1147,2093,403,0,2267.82,65,Visa
1485,05-04-25,1164,2033,401,0,836.25,33,Discover
1486,05-04-25,1042,2059,404,3,3072.3,15,Discover
1487,05-04-25,1077,2060,402,3,1633.52,32,Discover
1488,05-04-25,1174,2090,404,3,286.56,44,Discover
1489,05-04-25,1067,2018,404,0,2169.04,19,Mastercard
1490,05-04-25,1073,2057,404,2,349.58,64,Visa
1491,05-04-25,1135,2087,401,0,318.64,3,Mastercard
1492,05-04-25,1136,2081,403,3,2238.66,78,Visa
1493,05-04-25,1156,2083,403,2,1229.06,11,Mastercard
1494,05-04-25,1069,2034,401,2,217.87,4,Visa
1495,05-04-25,1167,2074,404,3,2638,32,Discover
1496,05-04-25,1197,2086,402,1,2414.07,44,Discover
1497,05-04-25,1133,2043,402,2,1397.52,19,Mastercard
1498,05-04-25,1140,2001,401,0,1237.05,64,Visa
1499,05-04-25,1003,2052,401,0,731.26,3,Discover
1500,05-04-25,1175,2057,403,1,1179.85,78,Mastercard
1501,05-04-25,1185,2036,403,1,980.91,11,Visa
1502,05-04-25,1008,2003,401,0,0,33,Discover
1503,05-04-25,1152,2084,402,0,281.85,22,Discover
1504,05-04-25,1181,2015,401,1,1214.95,65,Discover
1505,05-04-25,1096,2084,402,0,0,33,Discover
1506,05-04-25,1178,2023,403,2,1503.26,15,Mastercard
1507,05-04-25,1119,2084,401,3,0,32,Visa
1508,05-04-25,1070,2098,404,2,1452.58,44,Mastercard
1509,05-04-25,1065,2020,401,2,300.66,19,Visa
1510,05-04-25,1198,2007,404,3,2333.56,64,Mastercard
1511,05-04-25,1085,2007,403,2,933.42,3,Visa
1512,05-04-25,1045,2056,401,3,3148.32,78,Discover
1513,05-04-25,1051,2078,404,1,383.43,11,Discover
1514,05-04-25,1165,2062,401,1,557.42,11,Mastercard
1515,05-04-25,1138,2098,404,1,817.07,32,Visa
1516,05-04-25,1157,2082,401,3,1066.4,44,Discover
1517,05-04-25,1183,2033,401,0,0,19,Mastercard
1518,05-04-25,1018,2009,403,3,0,64,Visa
1519,05-04-25,1004,2063,402,0,552.46,3,Discover
1520,05-04-25,1009,2085,404,2,193.72,78,Discover
1521,05-04-25,1038,2089,403,3,1240.56,11,Discover
1522,05-04-25,1147,2000,404,3,4846.55,33,Discover
1523,05-04-25,1111,2051,401,1,211.18,22,Mastercard
1524,05-04-25,1000,2049,404,0,5639.04,65,Visa
1525,05-04-25,1145,2068,403,2,656.19,33,Mastercard
1526,05-04-25,1174,2038,404,0,1853.02,15,Visa
1527,05-04-25,1161,2082,401,2,213.28,32,Mastercard
1528,05-04-25,1136,2043,401,3,3493.8,44,Visa
1529,05-04-25,1194,2098,403,1,2451.22,19,Discover
1530,05-04-25,1045,2070,401,3,102.54,64,Discover
1531,05-04-25,1169,2024,403,3,621.35,3,Mastercard
1532,05-04-25,1027,2080,403,3,2496.78,78,Visa
1533,05-04-25,1021,2080,404,1,2247.1,11,Discover
1534,05-04-25,1035,2004,402,0,1854.5,4,Mastercard
1535,05-04-25,1184,2075,402,3,2341.92,32,Visa
1536,05-04-25,1099,2008,403,3,66.59,44,Discover
1537,05-04-25,1136,2057,401,0,1310.94,19,Discover
1538,05-04-25,1086,2007,403,0,1750.17,64,Discover
1539,05-04-25,1103,2015,402,3,2024.91,3,Discover
1540,05-04-25,1173,2068,402,1,0,78,Mastercard
1541,05-04-25,1018,2004,402,3,927.25,11,Visa
1542,05-04-25,1167,2002,404,0,866,33,Mastercard
1543,05-04-25,1062,2089,402,0,2067.6,22,Visa
1544,05-04-25,1044,2080,401,2,665.81,65,Mastercard
1545,05-04-25,1024,2058,402,0,2000.25,33,Visa
1546,05-04-25,1027,2014,404,1,443.34,15,Discover
1547,05-04-25,1016,2025,404,2,671.09,32,Discover
1548,05-04-25,1188,2086,404,2,2861.12,44,Mastercard
1549,05-04-25,1030,2087,402,2,382.37,19,Mastercard
1550,05-04-25,1054,2097,401,1,2273.67,64,Visa
1551,05-04-25,1085,2008,401,2,106.54,3,Discover
1552,05-04-25,1036,2096,404,1,1814.89,78,Mastercard
1553,05-04-25,1178,2047,402,3,1004.94,11,Visa
1554,05-04-25,1062,2074,401,1,1187.1,22,Discover
1555,05-04-25,1025,2080,404,1,3745.17,65,Discover
1556,05-04-25,1004,2062,401,0,2477.44,33,Discover
1557,05-04-25,1001,2022,401,2,536.94,15,Discover
1558,05-04-25,1106,2088,404,1,1276.83,32,Mastercard
1559,05-04-25,1052,2018,403,3,2169.04,44,Visa
1560,05-04-25,1105,2030,402,0,339.94,19,Mastercard
1561,05-04-25,1152,2023,404,0,1879.08,64,Visa
1562,05-04-25,1160,2038,403,3,0,3,Mastercard
1563,05-04-25,1001,2071,402,1,1660.93,78,Visa
1564,05-04-25,1030,2067,401,2,465.52,11,Discover
1565,05-04-25,1194,2069,402,3,929.56,4,Discover
1566,05-04-25,1197,2080,402,2,1331.62,32,Mastercard
1567,05-04-25,1013,2024,401,1,335.53,44,Visa
1568,05-04-25,1175,2060,404,1,735.08,19,Discover
1569,05-04-25,1040,2085,401,0,484.3,64,Mastercard
1570,05-04-25,1165,2046,403,1,60.17,3,Visa
1571,05-04-25,1111,2032,403,3,3782.4,78,Discover
1572,05-04-25,1011,2013,401,1,1683.65,11,Discover
1573,05-04-25,1040,2003,404,0,385.18,33,Discover
1574,05-04-25,1018,2030,404,2,135.98,22,Discover
1575,05-04-25,1107,2025,403,1,754.97,65,Mastercard
1576,05-04-25,1199,2014,403,1,0,33,Visa
1577,05-04-25,1025,2030,404,1,0,15,Mastercard
1578,05-04-25,1096,2028,401,3,2551.76,32,Visa
1579,05-04-25,1149,2062,401,3,1858.08,44,Mastercard
1580,05-04-25,1037,2027,404,1,465.5,19,Visa
1581,05-04-25,1099,2047,402,3,0,64,Discover
1582,05-04-25,1184,2024,403,2,198.83,3,Discover
1583,05-04-25,1051,2042,402,0,167.61,78,Mastercard
1584,05-04-25,1177,2072,401,2,672.48,11,Visa
1585,05-04-25,1034,2014,404,3,985.2,11,Discover
1586,05-04-25,1107,2021,403,1,751.87,32,Mastercard
1587,05-04-25,1075,2077,402,1,2528.24,44,Visa
1588,05-04-25,1147,2070,402,0,34.18,19,Discover
1589,05-04-25,1105,2066,404,1,928.91,64,Discover
1590,05-04-25,1151,2060,404,2,653.41,3,Discover
1591,05-04-25,1003,2093,404,1,680.35,78,Discover
1592,05-04-25,1063,2041,404,1,2171.37,11,Mastercard
1593,05-04-25,1151,2019,401,3,933.93,33,Visa
1594,05-04-25,1011,2005,404,0,428.78,22,Mastercard
1595,05-04-25,1108,2067,404,3,290.95,65,Visa
1596,05-04-25,1178,2012,404,3,623.19,33,Mastercard
1597,05-04-25,1061,2010,401,3,389.2,15,Visa
1598,05-04-25,1055,2016,403,2,0,32,Discover
1599,05-04-25,1061,2082,401,0,266.6,44,Discover
1600,05-04-25,1122,2085,403,1,217.94,19,Mastercard
1601,05-04-25,1180,2058,401,3,666.75,64,Visa
1602,05-04-25,1118,2098,402,3,907.86,3,Discover
1603,05-04-25,1047,2047,404,0,334.98,78,Mastercard
1604,05-04-25,1160,2009,404,2,0,11,Visa
1605,05-04-25,1135,2004,403,3,3709,4,Discover
1606,05-04-25,1192,2034,402,0,0,32,Discover
1607,05-04-25,1158,2042,401,2,402.26,44,Discover
1608,05-04-25,1013,2014,404,2,197.04,19,Discover
1609,05-04-25,1119,2079,401,2,4562.59,64,Mastercard
1610,05-04-25,1093,2022,401,1,604.06,3,Visa
1611,05-04-25,1035,2042,402,0,335.22,78,Mastercard
1612,05-04-25,1166,2061,402,1,179.93,11,Visa
1613,05-04-25,1082,2045,403,3,312.14,33,Mastercard
1614,05-04-25,1070,2006,401,2,633.6,22,Visa
1615,05-04-25,1088,2057,404,0,436.98,65,Discover
1616,05-04-25,1120,2090,403,3,214.92,33,Discover
1617,05-04-25,1158,2047,401,1,904.45,15,Mastercard
1618,05-04-25,1117,2011,401,3,0,32,Mastercard
1619,05-04-25,1045,2036,401,0,217.98,44,Visa
1620,05-04-25,1042,2035,401,1,809.99,19,Discover
1621,05-04-25,1127,2019,402,0,933.93,64,Mastercard
1622,05-04-25,1075,2053,402,3,2440.6,3,Visa
1623,05-04-25,1088,2053,404,0,610.15,78,Discover
1624,05-04-25,1074,2024,401,0,248.54,11,Discover
1625,05-04-25,1059,2066,403,3,2064.24,22,Discover
1626,05-04-25,1148,2043,403,3,873.45,65,Discover
1627,05-04-25,1151,2085,404,3,726.45,33,Mastercard
1628,05-04-25,1077,2072,402,2,1008.72,15,Visa
1629,05-04-25,1043,2033,402,3,836.25,32,Mastercard
1630,05-04-25,1095,2036,401,1,392.36,44,Visa
1631,05-04-25,1090,2036,404,1,588.55,19,Mastercard
1632,05-04-25,1158,2020,403,1,676.49,64,Visa
1633,05-04-25,1044,2090,402,1,0,3,Discover
1634,05-04-25,1060,2014,401,2,591.12,78,Discover
1635,05-04-25,1147,2016,404,2,516.83,11,Mastercard
1636,05-04-25,1094,2023,402,0,1879.08,4,Visa
1637,05-04-25,1170,2040,403,1,0,32,Discover
1638,05-04-25,1095,2057,402,2,349.58,44,Mastercard
1639,05-04-25,1031,2003,404,3,0,19,Visa
1640,05-04-25,1196,2018,404,2,433.81,64,Discover
1641,05-04-25,1039,2000,403,2,775.45,3,Discover
1642,05-04-25,1121,2037,402,3,1080.42,78,Discover
1643,05-04-25,1086,2088,401,3,2837.4,11,Discover
1644,05-04-25,1010,2017,401,2,1112.88,33,Mastercard
1645,05-04-25,1006,2051,402,3,351.96,22,Visa
1646,05-04-25,1091,2011,403,0,819.48,65,Mastercard
1647,05-04-25,1155,2082,402,1,959.76,33,Visa
1648,05-04-25,1005,2098,403,1,817.07,15,Mastercard
1649,05-04-25,1005,2010,404,0,233.52,32,Visa
1650,05-04-25,1131,2050,402,3,747.12,44,Discover
1651,05-04-25,1081,2077,401,2,1797.86,19,Discover
1652,05-04-25,1101,2018,404,2,867.62,64,Mastercard
1653,05-04-25,1098,2047,401,2,1071.94,3,Visa
1654,05-04-25,1088,2044,403,3,830.32,78,Discover
1655,05-04-25,1143,2011,402,3,1229.22,11,Mastercard
1656,05-04-25,1189,2053,404,2,1464.36,11,Visa
1657,05-04-25,1041,2093,404,3,2267.82,32,Discover
1658,05-04-25,1035,2075,401,1,1405.15,44,Discover
1659,05-04-25,1053,2038,404,2,2964.83,19,Discover
1660,05-04-25,1016,2075,404,0,3122.56,64,Discover
1661,05-04-25,1001,2052,403,3,731.26,3,Mastercard
1662,05-04-25,1044,2071,404,1,553.64,78,Visa
1663,05-04-25,1051,2023,404,2,0,11,Mastercard
1664,05-04-25,1141,2062,401,2,1486.46,33,Visa
1665,05-04-25,1149,2038,404,3,926.51,22,Mastercard
1666,05-04-25,1057,2003,401,1,2079.97,65,Visa
1667,05-04-25,1067,2038,404,0,926.51,33,Discover
1668,05-04-25,1167,2085,403,3,242.15,15,Discover
1669,05-04-25,1045,2062,402,0,1858.08,32,Mastercard
1670,05-04-25,1030,2097,403,3,3368.4,44,Visa
1671,05-04-25,1017,2076,403,3,0,19,Discover
1672,05-04-25,1144,2055,403,3,161.82,64,Mastercard
1673,05-04-25,1177,2015,403,0,674.97,3,Visa
1674,05-04-25,1066,2020,401,1,1014.74,78,Discover
1675,05-04-25,1081,2059,402,2,409.64,11,Discover
1676,05-04-25,1041,2006,403,2,475.2,4,Discover
1677,05-04-25,1107,2081,403,0,3731.1,32,Discover
1678,05-04-25,1074,2037,401,1,0,44,Mastercard
1679,05-04-25,1196,2080,402,0,832.26,19,Visa
1680,05-04-25,1153,2096,402,2,1075.49,64,Mastercard
1681,05-04-25,1080,2087,403,2,127.46,3,Visa
1682,05-04-25,1175,2089,403,0,2067.6,78,Mastercard
1683,05-04-25,1136,2074,403,1,593.55,11,Visa
1684,05-04-25,1003,2017,403,2,1112.88,33,Discover
1685,05-04-25,1199,2062,404,2,990.98,22,Discover
1686,05-04-25,1041,2013,402,1,1683.65,65,Mastercard
1687,05-04-25,1128,2028,402,0,0,33,Mastercard
1688,05-04-25,1106,2058,401,0,1333.5,15,Visa
1689,05-04-25,1033,2002,404,2,1385.6,32,Discover
1690,05-04-25,1079,2088,403,1,2553.66,44,Mastercard
1691,05-04-25,1113,2076,403,1,0,19,Visa
1692,05-04-25,1181,2038,401,0,2779.53,64,Discover
1693,05-04-25,1056,2016,402,1,872.15,3,Discover
1694,05-04-25,1078,2016,402,1,872.15,78,Discover
1695,05-04-25,1020,2054,401,0,1801.02,11,Discover
1696,05-04-25,1004,2099,404,3,0,22,Mastercard
1697,05-04-25,1010,2025,401,0,559.24,65,Visa
1698,05-04-25,1168,2065,401,3,1411.02,33,Mastercard
1699,05-04-25,1030,2032,401,0,945.6,15,Visa
1700,05-04-25,1077,2085,401,0,0,32,Mastercard
1701,05-04-25,1005,2015,402,1,0,44,Visa
1702,05-04-25,1047,2085,403,0,242.15,19,Discover
1703,05-04-25,1023,2018,403,2,0,64,Discover
1704,05-04-25,1090,2020,402,0,751.66,3,Mastercard
1705,05-04-25,1025,2074,401,1,593.55,78,Visa
1706,05-04-25,1183,2024,403,1,335.53,11,Discover
1707,05-04-25,1193,2068,401,0,820.24,4,Mastercard
1708,05-04-25,1054,2064,404,2,235.23,32,Visa
1709,05-04-25,1178,2075,402,3,5464.48,44,Discover
1710,05-04-25,1172,2013,402,2,2244.86,19,Discover
1711,05-04-25,1097,2054,402,1,810.46,64,Discover
1712,05-04-25,1104,2014,403,0,246.3,3,Discover
1713,05-04-25,1119,2014,402,3,1231.5,78,Mastercard
1714,05-04-25,1195,2046,403,0,100.29,11,Visa
1715,05-04-25,1021,2041,404,0,0,33,Mastercard
1716,05-04-25,1098,2036,404,2,0,22,Visa
1717,05-04-25,1175,2056,402,3,2098.88,65,Mastercard
1718,05-04-25,1074,2054,402,0,2701.53,33,Visa
1719,05-04-25,1121,2086,403,1,3218.76,15,Discover
1720,05-04-25,1003,2086,404,0,1788.2,32,Discover
1721,05-04-25,1101,2056,401,0,524.72,44,Mastercard
1722,05-04-25,1036,2050,404,0,747.12,19,Visa
1723,05-04-25,1189,2021,401,2,1336.66,64,Discover
1724,05-04-25,1050,2043,402,3,873.45,3,Mastercard
1725,05-04-25,1031,2029,404,3,40.53,78,Visa
1726,05-04-25,1071,2097,403,3,2526.3,11,Discover
1727,05-04-25,1091,2060,404,3,1225.14,11,Discover
1728,05-04-25,1130,2035,402,3,899.99,32,Discover
1729,05-04-25,1027,2015,403,3,0,44,Discover
1730,05-04-25,1127,2029,402,0,40.53,19,Mastercard
1731,05-04-25,1025,2094,401,0,1973.4,64,Visa
1732,05-04-25,1127,2086,401,1,4828.14,3,Mastercard
1733,05-04-25,1097,2077,403,1,2022.59,78,Visa
1734,05-04-25,1077,2079,401,0,1901.08,11,Mastercard
1735,05-04-25,1169,2096,404,3,672.18,33,Visa
1736,05-04-25,1051,2037,404,3,1800.7,22,Discover
1737,05-04-25,1129,2033,403,0,1672.5,65,Discover
1738,05-04-25,1195,2004,404,0,2781.75,33,Mastercard
1739,05-04-25,1098,2057,403,3,1310.94,15,Visa
1740,05-04-25,1113,2058,401,0,2000.25,32,Discover
1741,05-04-25,1045,2071,403,1,0,44,Mastercard
1742,05-04-25,1125,2055,402,2,86.3,19,Visa
1743,05-04-25,1183,2049,404,0,1879.68,64,Discover
1744,05-04-25,1145,2086,404,3,2682.3,3,Discover
1745,05-04-25,1121,2071,402,0,1845.48,78,Discover
1746,05-04-25,1100,2033,404,3,2508.75,11,Discover
1747,05-04-25,1157,2086,403,2,1430.56,4,Mastercard
1748,05-04-25,1082,2007,401,0,1750.17,32,Visa
1749,05-04-25,1032,2046,403,0,167.15,44,Mastercard
1750,05-04-25,1195,2080,403,3,3329.04,19,Visa
1751,05-04-25,1024,2054,403,2,0,64,Mastercard
1752,05-04-25,1105,2044,401,1,373.64,3,Visa
1753,05-04-25,1063,2030,403,0,509.91,78,Discover
1754,05-04-25,1176,2008,403,0,133.18,11,Discover
1755,05-04-25,1086,2021,401,2,2004.98,33,Mastercard
1756,05-04-25,1009,2058,404,3,2000.25,22,Mastercard
1757,05-04-25,1068,2002,404,0,0,65,Visa
1758,05-04-25,1081,2048,404,2,572.21,33,Discover
1759,05-04-25,1146,2012,404,0,623.19,15,Mastercard
1760,05-04-25,1176,2086,402,2,1430.56,32,Visa
1761,05-04-25,1127,2064,403,1,529.27,44,Discover
1762,05-04-25,1157,2038,403,3,4632.55,19,Discover
1763,05-04-25,1051,2063,401,1,0,64,Discover
1764,05-04-25,1073,2033,401,2,1338,3,Discover
1765,05-04-25,1146,2051,402,0,0,78,Mastercard
1766,05-04-25,1183,2074,401,2,0,11,Visa
1767,05-04-25,1069,2008,404,3,66.59,22,Mastercard
1768,05-04-25,1053,2044,401,2,332.13,65,Visa
1769,05-04-25,1129,2038,404,2,0,33,Mastercard
1770,05-04-25,1051,2053,404,2,488.12,15,Visa
1771,05-04-25,1159,2065,404,1,1693.22,32,Discover
1772,05-04-25,1004,2080,402,3,3329.04,44,Discover
1773,05-04-25,1054,2084,404,2,901.92,19,Mastercard
1774,05-04-25,1163,2068,404,0,1640.48,64,Visa
1775,05-04-25,1133,2025,403,3,838.86,3,Discover
1776,05-04-25,1037,2030,402,2,271.95,78,Mastercard
1777,05-04-25,1111,2052,403,0,731.26,11,Visa
1778,05-04-25,1162,2026,404,2,169.25,4,Discover
1779,05-04-25,1073,2082,402,2,213.28,32,Discover
1780,05-04-25,1175,2076,402,3,806.07,44,Discover
1781,05-04-25,1061,2014,402,1,665.01,19,Discover
1782,05-04-25,1007,2031,403,3,1695.9,64,Mastercard
1783,05-04-25,1124,2071,404,3,1845.48,3,Visa
1784,05-04-25,1165,2004,402,1,1669.05,78,Mastercard
1785,05-04-25,1069,2017,401,2,0,11,Visa
1786,05-04-25,1071,2084,402,0,281.85,33,Mastercard
1787,05-04-25,1184,2062,401,0,2477.44,22,Visa
1788,05-04-25,1021,2040,403,0,69.08,65,Discover
1789,05-04-25,1104,2046,401,3,167.15,33,Discover
1790,05-04-25,1185,2017,402,0,1854.8,15,Mastercard
1791,05-04-25,1146,2094,401,2,789.36,32,Visa
1792,05-04-25,1127,2011,402,0,409.74,44,Discover
1793,05-04-25,1197,2040,403,3,138.16,19,Mastercard
1794,05-04-25,1191,2095,402,3,1963.16,64,Visa
1795,05-04-25,1055,2018,401,1,488.03,3,Discover
1796,05-04-25,1054,2035,404,3,899.99,78,Discover
1797,05-04-25,1065,2075,401,3,3903.2,11,Discover
1798,05-04-25,1136,2047,401,2,267.98,11,Discover
1799,05-04-25,1139,2054,404,1,3241.84,32,Mastercard
1800,05-04-25,1071,2018,403,3,0,44,Visa
1801,05-04-25,1183,2047,403,0,1004.94,19,Mastercard
1802,05-04-25,1165,2077,401,0,1685.49,64,Visa
1803,05-04-25,1176,2085,402,2,581.16,3,Mastercard
1804,05-04-25,1141,2049,403,2,1503.74,78,Visa
1805,05-04-25,1175,2015,402,3,674.97,11,Discover
1806,05-04-25,1099,2001,404,2,0,33,Discover
1807,05-04-25,1077,2011,402,2,655.58,22,Mastercard
1808,05-04-25,1053,2020,404,2,601.33,65,Visa
1809,05-04-25,1196,2082,404,0,533.2,33,Discover
1810,05-04-25,1070,2010,404,3,311.36,15,Mastercard
1811,05-04-25,1188,2052,403,3,2925.04,32,Visa
1812,05-04-25,1025,2020,403,0,375.83,44,Discover
1813,05-04-25,1090,2053,403,3,1830.45,19,Discover
1814,05-04-25,1177,2003,401,1,346.66,64,Discover
1815,05-04-25,1161,2056,402,0,1049.44,3,Discover
1816,05-04-25,1102,2025,403,2,0,78,Mastercard
1817,05-04-25,1147,2010,401,1,70.06,11,Visa
1818,05-04-25,1063,2066,402,3,516.06,4,Mastercard
1819,05-04-25,1081,2057,404,1,786.56,32,Visa
1820,05-04-25,1066,2022,403,2,536.94,44,Mastercard
1821,05-04-25,1050,2010,404,2,62.27,19,Visa
1822,05-04-25,1046,2050,404,1,336.2,64,Discover
1823,05-04-25,1005,2002,402,0,3464,3,Discover
1824,05-04-25,1118,2025,403,1,0,78,Mastercard
1825,05-04-25,1012,2051,404,2,93.86,11,Mastercard
1826,05-04-25,1038,2011,403,1,1475.06,33,Visa
1827,05-04-25,1145,2015,401,3,2024.91,22,Discover
1828,05-04-25,1197,2058,404,0,666.75,65,Mastercard
1829,05-04-25,1057,2091,402,1,815.21,33,Visa
1830,05-04-25,1005,2034,403,3,544.68,15,Discover
1831,05-04-25,1097,2016,404,1,290.72,32,Discover
1832,05-04-25,1153,2027,403,1,698.25,44,Discover
1833,05-04-25,1107,2023,404,1,2536.76,19,Discover
1834,05-04-25,1007,2037,403,1,648.25,64,Mastercard
1835,05-04-25,1158,2057,402,2,699.17,3,Visa
1836,05-04-25,1149,2087,404,0,637.28,78,Mastercard
1837,05-04-25,1002,2060,402,2,326.7,11,Visa
1838,05-04-25,1177,2050,402,3,186.78,22,Mastercard
1839,05-04-25,1181,2054,403,0,1801.02,65,Visa
1840,05-04-25,1024,2071,401,0,615.16,33,Discover
1841,05-04-25,1085,2030,404,2,407.93,15,Discover
1842,05-04-25,1155,2085,401,0,726.45,32,Mastercard
1843,05-04-25,1064,2064,404,2,940.93,44,Visa
1844,05-04-25,1101,2085,403,1,217.94,19,Discover
1845,05-04-25,1143,2005,402,2,343.02,64,Mastercard
1846,05-04-25,1043,2064,404,2,235.23,3,Visa
1847,05-04-25,1119,2016,401,2,258.42,78,Discover
1848,05-04-25,1181,2067,404,1,523.71,11,Discover
1849,05-04-25,1066,2014,403,0,0,4,Discover
1850,05-04-25,1032,2063,403,2,441.97,32,Discover
1851,05-04-25,1110,2036,403,2,348.77,44,Mastercard
1852,05-04-25,1132,2040,404,1,124.34,19,Visa
1853,05-04-25,1080,2094,404,1,0,64,Mastercard
1854,05-04-25,1142,2084,404,0,0,3,Visa
1855,05-04-25,1048,2019,401,1,840.54,78,Mastercard
1856,05-04-25,1046,2004,404,2,741.8,11,Visa
1857,05-04-25,1041,2090,404,3,358.2,33,Discover
1858,05-04-25,1029,2063,401,3,1657.38,22,Discover
1859,05-04-25,1091,2090,404,3,214.92,65,Mastercard
1860,05-04-25,1126,2014,402,0,492.6,33,Visa
1861,05-04-25,1089,2011,402,2,1638.96,15,Discover
1862,05-04-25,1046,2021,403,1,2255.61,32,Mastercard
1863,05-04-25,1149,2000,402,3,4846.55,44,Visa
1864,05-04-25,1019,2031,404,0,1695.9,19,Discover
1865,05-04-25,1084,2003,403,0,0,64,Discover
1866,05-04-25,1100,2047,401,2,803.95,3,Discover
1867,05-04-25,1039,2003,401,3,1155.54,78,Discover
1868,05-04-25,1181,2084,404,3,1127.4,11,Mastercard
1869,05-04-25,1160,2034,401,2,326.81,11,Visa
1870,05-04-25,1011,2083,404,2,614.53,32,Mastercard
1871,05-04-25,1187,2093,402,1,680.35,44,Visa
1872,05-04-25,1012,2082,403,2,853.12,19,Mastercard
1873,05-04-25,1014,2095,401,3,0,64,Visa
1874,05-04-25,1023,2051,403,1,211.18,3,Discover
1875,05-04-25,1061,2098,404,0,2723.58,78,Discover
1876,05-04-25,1005,2026,402,3,211.56,11,Mastercard
1877,05-04-25,1199,2051,403,1,0,33,Visa
1878,05-04-25,1030,2038,404,3,3706.04,22,Discover
1879,05-04-25,1188,2039,402,2,1562.3,65,Mastercard
1880,05-04-25,1170,2012,403,1,560.87,33,Visa
1881,05-04-25,1125,2057,404,3,1310.94,15,Discover
1882,05-04-25,1068,2072,404,0,420.3,32,Discover
1883,05-04-25,1193,2054,403,1,0,44,Discover
1884,05-04-25,1111,2080,404,0,1664.52,19,Discover
1885,05-04-25,1010,2065,403,3,0,64,Mastercard
1886,05-04-25,1173,2028,402,3,2551.76,3,Visa
1887,05-04-25,1134,2080,401,2,1331.62,78,Mastercard
1888,05-04-25,1119,2055,401,3,269.7,11,Visa
1889,05-04-25,1076,2019,402,2,747.14,4,Mastercard
1890,05-04-25,1063,2066,404,2,0,32,Visa
1891,05-04-25,1145,2006,401,0,0,44,Discover
1892,05-04-25,1131,2013,404,3,4676.8,19,Discover
1893,05-04-25,1024,2059,403,2,0,64,Mastercard
1894,05-04-25,1065,2074,401,0,3297.5,3,Mastercard
1895,05-04-25,1029,2094,404,1,0,78,Visa
1896,05-04-25,1046,2050,401,0,560.34,11,Discover
1897,05-04-25,1106,2090,403,2,114.62,33,Mastercard
1898,05-04-25,1150,2092,404,3,482.21,22,Visa
1899,05-04-25,1159,2033,403,1,752.62,65,Discover
1900,05-04-25,1054,2023,401,2,751.63,33,Discover
1901,05-04-25,1172,2013,404,0,1870.72,15,Discover
1902,05-04-25,1001,2050,401,0,560.34,32,Discover
1903,05-04-25,1043,2083,404,3,2304.48,44,Mastercard
1904,05-04-25,1177,2051,404,2,281.57,19,Visa
1905,05-04-25,1158,2078,403,3,568.04,64,Mastercard
1906,05-04-25,1077,2011,402,1,368.77,3,Visa
1907,05-04-25,1003,2024,401,0,248.54,78,Mastercard
1908,05-04-25,1178,2024,401,1,223.69,11,Visa
1909,05-04-25,1123,2083,402,1,1382.69,22,Discover
1910,05-04-25,1111,2080,402,0,3329.04,65,Discover
1911,05-04-25,1077,2098,404,1,817.07,33,Mastercard
1912,05-04-25,1121,2054,401,0,0,15,Visa
1913,05-04-25,1042,2019,404,3,933.93,32,Discover
1914,05-04-25,1120,2002,404,1,1558.8,44,Mastercard
1915,05-04-25,1051,2037,404,0,0,19,Visa
1916,05-04-25,1085,2001,401,3,412.35,64,Discover
1917,05-04-25,1106,2063,403,0,0,3,Discover
1918,05-04-25,1124,2051,404,3,351.96,78,Discover
1919,05-04-25,1059,2091,401,0,1811.58,11,Discover
1920,05-04-25,1108,2073,403,0,1498.29,4,Mastercard
1921,05-04-25,1068,2082,404,3,0,32,Visa
1922,05-04-25,1029,2063,403,3,3314.76,44,Mastercard
1923,05-04-25,1178,2055,401,1,242.73,19,Visa
1924,05-04-25,1073,2092,402,3,482.21,64,Mastercard
1925,05-04-25,1088,2056,402,1,1888.99,3,Visa
1926,05-04-25,1150,2087,403,3,477.96,78,Discover
1927,05-04-25,1033,2037,404,3,1440.56,11,Discover
1928,05-04-25,1172,2083,403,3,2304.48,33,Mastercard
1929,05-04-25,1041,2079,402,2,2281.3,22,Visa
1930,05-04-25,1176,2095,401,3,1472.37,65,Discover
1931,05-04-25,1033,2022,402,1,1208.12,33,Mastercard
1932,05-04-25,1155,2062,401,3,1858.08,15,Visa
1933,05-04-25,1126,2038,402,1,1667.72,32,Discover
1934,05-04-25,1142,2006,401,2,0,44,Discover
1935,05-04-25,1066,2045,402,1,1123.7,19,Discover
1936,05-04-25,1128,2004,401,2,2967.2,64,Discover
1937,05-04-25,1110,2014,402,0,246.3,3,Mastercard
1938,05-04-25,1143,2028,404,2,1531.06,78,Visa
1939,05-04-25,1087,2045,401,2,0,11,Mastercard
1940,05-04-25,1038,2088,401,0,1418.7,11,Visa
1941,05-04-25,1112,2058,401,0,0,32,Mastercard
1942,05-04-25,1005,2078,401,0,426.03,44,Visa
1943,05-04-25,1129,2013,402,0,1870.72,19,Discover
1944,05-04-25,1052,2046,402,2,26.74,64,Discover
1945,05-04-25,1181,2056,404,0,0,3,Mastercard
1946,05-04-25,1039,2082,403,2,0,78,Visa
1947,05-04-25,1035,2015,402,3,3374.85,11,Discover
1948,05-04-25,1106,2098,401,1,1634.15,33,Mastercard
1949,05-04-25,1121,2043,403,1,1572.21,22,Visa
1950,05-04-25,1021,2034,403,3,544.68,65,Discover
1951,05-04-25,1092,2080,402,1,3745.17,33,Discover
1952,05-04-25,1192,2096,404,1,1814.89,15,Discover
1953,05-04-25,1035,2054,404,3,0,32,Discover
1954,05-04-25,1117,2066,403,0,0,44,Mastercard
1955,05-04-25,1113,2018,401,0,1084.52,19,Visa
1956,05-04-25,1021,2043,403,3,2620.35,64,Mastercard
1957,05-04-25,1197,2021,404,0,1670.82,3,Visa
1958,05-04-25,1100,2097,401,1,2273.67,78,Mastercard
1959,05-04-25,1147,2007,403,3,0,11,Visa
1960,05-04-25,1102,2087,403,2,0,4,Discover
1961,05-04-25,1088,2001,403,1,1113.34,32,Discover
1962,05-04-25,1179,2051,404,1,211.18,44,Mastercard
1963,05-04-25,1139,2079,404,2,2281.3,19,Mastercard
1964,05-04-25,1005,2083,404,1,691.34,64,Visa
1965,05-04-25,1077,2010,401,2,186.82,3,Mastercard
1966,05-04-25,1099,2092,402,2,1157.3,78,Visa
1967,05-04-25,1054,2011,403,2,327.79,11,Mastercard
1968,05-04-25,1193,2081,402,0,2238.66,33,Visa
1969,05-04-25,1007,2069,403,1,836.6,22,Discover
1970,05-04-25,1198,2038,404,0,1853.02,65,Discover
1971,05-04-25,1187,2007,403,2,466.71,33,Mastercard
1972,05-04-25,1160,2064,403,0,1176.16,15,Mastercard
1973,05-04-25,1012,2096,401,3,672.18,32,Visa
1974,05-04-25,1076,2073,401,3,499.43,44,Discover
1975,05-04-25,1086,2030,402,2,407.93,19,Mastercard
1976,05-04-25,1076,2036,402,3,217.98,64,Visa
1977,05-04-25,1133,2094,402,0,1973.4,3,Discover
1978,05-04-25,1083,2066,402,2,1238.54,78,Discover
1979,05-04-25,1116,2012,402,3,0,11,Discover
1980,05-04-25,1105,2010,401,0,155.68,22,Discover
1981,05-04-25,1108,2016,404,1,872.15,65,Mastercard
1982,05-04-25,1114,2009,403,3,198.93,33,Visa
1983,05-04-25,1150,2071,404,2,492.13,15,Mastercard
1984,05-04-25,1149,2063,404,3,2762.3,32,Visa
1985,05-04-25,1176,2062,404,1,557.42,44,Mastercard
1986,05-04-25,1036,2064,402,3,294.04,19,Visa
1987,05-04-25,1182,2058,402,0,0,64,Discover
1988,05-04-25,1177,2027,404,3,1034.44,3,Discover
1989,05-04-25,1008,2095,402,2,0,78,Mastercard
1990,05-04-25,1030,2077,404,0,1123.66,11,Visa
1991,05-04-25,1030,2047,403,0,334.98,4,Discover
1992,05-04-25,1133,2019,401,2,747.14,32,Mastercard
1993,05-04-25,1078,2047,403,2,535.97,44,Visa
1994,05-04-25,1124,2003,402,1,1386.65,19,Discover
1995,05-04-25,1005,2075,404,0,3122.56,64,Discover
1996,05-04-25,1078,2036,402,1,588.55,3,Discover
1997,05-04-25,1189,2062,401,0,2477.44,78,Discover
1998,05-04-25,1140,2044,401,0,207.58,11,Mastercard
1999,05-04-25,1106,2061,403,3,599.76,33,Visa
2000,05-04-25,1086,2048,404,1,321.87,22,Visa
6,05-04-25,1089,2028,401,0,1275.88,65,Visa
